nome,nparti,semana,ano,data,cidade,estado,5km,10km,21km,42km
MARATONA INTERNACIONAL DO RIO DE JANEIRO 2025,54653,26,2025,22/06/2025,RIO DE JANEIRO,RJ,1,1,1,1
100 CORRIDA INTERNACIONAL DE SAO SILVESTRE,52329,53,2025,31/12/2025,SAO PAULO,SP,0,0,1,0
MARATONA INTERNACIONAL DO RIO DE JANEIRO 2024,39364,23,2024,02/06/2024,RIO DE JANEIRO,RJ,1,1,1,1
99 CORRIDA INTERNACIONAL DE SAO SILVESTRE,35362,53,2024,31/12/2024,SAO PAULO,SP,0,0,1,0
98 CORRIDA INTERNACIONAL DE SAO SILVESTRE,32546,53,2023,31/12/2023,SAO PAULO,SP,0,0,1,0
95 CORRIDA INTERNACIONAL DE SAO SILVESTRE,30332,53,2019,31/12/2019,SAO PAULO,SP,0,0,1,0
MARATONA INTERNACIONAL DO RIO DE JANEIRO 2023,29821,24,2023,11/06/2023,RIO DE JANEIRO,RJ,1,1,1,1
94 CORRIDA INTERNACIONAL DE SAO SILVESTRE,26500,53,2018,31/12/2018,SAO PAULO,SP,0,0,1,0
93 CORRIDA INTERNACIONAL DE SAO SILVESTRE,26114,53,2017,31/12/2017,SAO PAULO,SP,0,0,1,0
90 CORRIDA INTERNACIONAL DE SAO SILVESTRE,24439,53,2014,31/12/2014,SAO PAULO,SP,0,0,1,0
92 CORRIDA INTERNACIONAL DE SAO SILVESTRE,23857,53,2016,31/12/2016,SAO PAULO,SP,0,0,1,0
91 CORRIDA INTERNACIONAL DE SAO SILVESTRE,23622,53,2015,31/12/2015,SAO PAULO,SP,0,0,1,0
89 CORRIDA INTERNACIONAL DE SAO SILVESTRE,22734,53,2013,31/12/2013,SAO PAULO,SP,0,0,1,0
97 CORRIDA INTERNACIONAL DE SAO SILVESTRE,21861,53,2022,31/12/2022,SAO PAULO,SP,0,0,1,0
SP CITY MARATHON 2025,21501,31,2025,27/07/2025,SAO PAULO,SP,0,0,1,1
CIRCUITO JUNTOS - BOTA PRA CORRER - SAO PAULO 2025,21363,34,2025,17/08/2025,SAO PAULO,SP,1,1,0,0
88 CORRIDA INTERNACIONAL DE SAO SILVESTRE,20971,53,2012,31/12/2012,SAO PAULO,SP,0,0,1,0
10 KM TRIBUNA FM - 39 EDICAO,20898,21,2025,18/05/2025,SANTOS,SP,0,1,0,0
MARATONA INTERNACIONAL DE PORTO ALEGRE 2025,19670,24,2025,08/06/2025,PORTO ALEGRE,RS,1,1,1,1
27 MEIA MARATONA INTERNACIONAL DO RIO DE JANEIRO,19312,34,2025,17/08/2025,RIO DE JANEIRO,RJ,1,1,1,0
CORRIDA DO BOB ESPONJA,19299,25,2025,15/06/2025,BELO HORIZONTE,MG,1,1,0,0
87 CORRIDA INTERNACIONAL DE SAO SILVESTRE,19205,53,2011,31/12/2011,SAO PAULO,SP,0,0,1,0
26 VOLTA INTL DA PAMPULHA 2025,18346,50,2025,07/12/2025,BELO HORIZONTE,MG,0,0,1,0
10KM TRIBUNA FM SANTOS 2024,18287,21,2024,19/05/2024,SANTOS,SP,0,1,0,0
85 CORRIDA INTERNACIONAL DE SAO SILVESTRE,18055,53,2009,31/12/2009,SAO PAULO,SP,0,0,1,0
86 CORRIDA INTERNACIONAL DE SAO SILVESTRE,18040,53,2010,31/12/2010,SAO PAULO,SP,0,0,1,0
CIRCUITO DAS ESTACOES 2025 - PRIMAVERA - RIO DE JANEIRO,17805,39,2025,21/09/2025,RIO DE JANEIRO,RJ,1,1,1,0
SP CITY MARATHON 2024,17537,31,2024,28/07/2024,SAO PAULO,SP,0,0,1,1
CORRIDA DO GALO 2025,17173,35,2025,24/08/2025,BELO HORIZONTE,MG,1,1,0,0
84 CORRIDA INTERNACIONAL DE SAO SILVESTRE,17117,53,2008,31/12/2008,SAO PAULO,SP,0,0,1,0
MARATONA INTERNACIONAL DE SAO PAULO 2025,16806,15,2025,06/04/2025,SAO PAULO,SP,1,1,1,1
CIRCUITO DAS ESTACOES 2025 - PRIMAVERA - SAO PAULO,16568,37,2025,07/09/2025,SAO PAULO,SP,1,1,1,0
CIRCUITO DAS ESTACOES 2025 - INVERNO - RIO DE JANEIRO,16473,23,2025,01/06/2025,RIO DE JANEIRO,RJ,1,1,1,0
83 CORRIDA INTERNACIONAL DE SAO SILVESTRE,16421,53,2007,31/12/2007,SAO PAULO,SP,0,0,1,0
CIRCUITO DAS ESTACOES 2025 - VERAO - RIO DE JANEIRO,16394,50,2025,07/12/2025,RIO DE JANEIRO,RJ,1,1,0,0
25 VOLTA INTERNACIONAL DA PAMPULHA 2024,16215,50,2024,08/12/2024,BELO HORIZONTE,MG,0,0,1,0
10KM TRIBUNA FM SANTOS 2023,15984,21,2023,21/05/2023,SANTOS,SP,0,1,0,0
96 CORRIDA INTERNACIONAL DE SAO SILVESTRE,15798,53,2021,31/12/2021,SAO PAULO,SP,0,0,1,0
MARATONA INTERNACIONAL DE FLORIPA 2025,15439,36,2025,31/08/2025,FLORIANOPOLIS,SC,1,0,1,1
CIRCUITO DAS ESTACOES 2025 - INVERNO - SAO PAULO,14945,27,2025,29/06/2025,SAO PAULO,SP,1,1,1,0
CIRCUITO DAS ESTACOES 2024 - PRIMAVERA - RIO DE JANEIRO,14766,42,2024,13/10/2024,RIO DE JANEIRO,RJ,1,1,1,0
RJ HALF MARATHON 2025,14673,18,2025,27/04/2025,RIO DE JANEIRO,RJ,1,0,1,0
CIRCUITO DAS ESTACOES 2024 - VERAO - RIO DE JANEIRO,14645,50,2024,08/12/2024,RIO DE JANEIRO,RJ,1,1,0,0
DEZ MILHAS GAROTO 2025,14634,40,2025,28/09/2025,VILA VELHA,ES,0,0,1,0
CIRCUITO DAS ESTACOES 2025 - OUTONO - RIO DE JANEIRO,14560,12,2025,16/03/2025,RIO DE JANEIRO,RJ,1,1,1,0
CIRCUITO DAS ESTACOES 2025 - VERAO - SAO PAULO,14406,51,2025,14/12/2025,SAO PAULO,SP,1,1,0,0
CIRCUITO DAS ESTACOES 2024 - VERAO - SAO PAULO,14342,51,2024,15/12/2024,SAO PAULO,SP,1,1,0,0
53 CORRIDA DE REIS BRASILIA,14310,5,2026,31/01/2026,BRASILIA,DF,0,1,0,0
CORRIDA SUPERMERCADOS BH,14297,14,2025,30/03/2025,BELO HORIZONTE,MG,1,1,1,0
CIRCUITO DAS ESTACOES 2024 - INVERNO - SAO PAULO,14272,26,2024,23/06/2024,SAO PAULO,SP,1,1,1,0
MARATONA DE CURITIBA 2025,13541,48,2025,23/11/2025,CURITIBA,PR,1,1,1,1
XI INCLUSAO A TODA PROVA - CORRIDA E CAMINHADA PELA INCLUSAO,11767,50,2025,07/12/2025,SAO PAULO,SP,0,1,0,0
40 CORRIDA INTEGRACAO CAMPINAS - 2025,11735,40,2025,28/09/2025,CAMPINAS,SP,1,1,1,0
FLA RUN 2025 - 130 ANOS,10952,46,2025,09/11/2025,RIO DE JANEIRO,RJ,1,1,0,0
NIGHT RUN 2025 - ETAPA 2 - SAO PAULO,10936,44,2025,01/11/2025,SAO PAULO,SP,1,1,0,0
ATHENAS RUN LONGER 2025,10926,43,2025,19/10/2025,SAO PAULO,SP,0,1,1,1
CORRIDA E CAMINHADA PELA INCLUSAO OLGA KOS RIO ANO IV,10434,51,2025,14/12/2025,RIO DE JANEIRO,RJ,1,1,0,0
CORRIDA PMMG 250 ANOS 2025,10125,28,2025,06/07/2025,BELO HORIZONTE,MG,1,1,0,0
41 CORRIDA DE REIS - CUIABAA,9768,3,2026,12/01/2026,CUIABA,MT,0,1,0,0
CIRCUITO RJ 2025 - 2 ETAPA,9117,41,2025,05/10/2025,RIO DE JANEIRO,RJ,1,1,0,0
3 CORRIDA DO BAHEA - SUNSET,9107,49,2025,30/11/2025,SALVADOR,BA,1,1,0,0
62 CORRIDA E CAMINHADA CONTRA O CANCER DE MAMA,8849,42,2025,12/10/2025,SAO PAULO,SP,1,1,0,0
CORRIDA DO CRUZEIRO 2025,8828,43,2025,19/10/2025,BELO HORIZONTE,MG,1,1,0,0
MARATONA DE ARACAJU 2025,8787,44,2025,26/10/2025,ARACAJU,SE,1,1,1,1
CIRCUITO RJ 2025 - 1 ETAPA,8702,32,2025,03/08/2025,RIO DE JANEIRO,RJ,1,1,0,0
MEIA MARATONA DE JOAO PESSOA - 2025,8569,47,2025,16/11/2025,JOAO PESSOA,PB,1,1,1,0
CORRIDA DO PANTANAL 2025,8563,42,2025,12/10/2025,CAMPO GRANDE,MS,1,1,1,0
RIO S21K - 2025,8562,37,2025,07/09/2025,RIO DE JANEIRO,RJ,1,0,1,0
CORRIDA DAS PODEROSAS 2025 - 2 ETAPA,8461,30,2025,20/07/2025,RIO DE JANEIRO,RJ,1,1,0,0
MARATONA MONUMENTAL DE BRASILIA 2025,8381,48,2025,23/11/2025,BRASILIA,DF,1,1,1,1
ECO RUN - SAO PAULO - 2025,8288,25,2025,15/06/2025,SAO PAULO,SP,1,1,0,0
5K TRIBUNA - 2025,8165,50,2025,07/12/2025,SANTOS,SP,1,0,0,0
ECO RUN - RIO DE JANEIRO - 2025,8155,31,2025,27/07/2025,RIO DE JANEIRO,RJ,1,1,0,0
CORRIDA DE ANIVERSARIO DO MUSAL,8074,29,2025,13/07/2025,RIO DE JANEIRO,RJ,1,0,0,0
16 MEIA MARATONA INTERNACIONAL DE BH,8037,23,2025,01/06/2025,BELO HORIZONTE,MG,1,1,1,0
MEIA DE SAMPA 2025 - SAO PAULO,7940,47,2025,16/11/2025,SAO PAULO,SP,1,0,1,0
CORRIDA NOTURNA RUNLLOWEEN,7893,44,2025,01/11/2025,RIO DE JANEIRO,RJ,1,0,0,0
CIRCUITO RJ 2025 - 3 ETAPA,7873,52,2025,21/12/2025,RIO DE JANEIRO,RJ,1,1,0,0
MARATONA DE SALVADOR 2025,7740,39,2025,21/09/2025,SALVADOR,BA,1,1,1,1
14 CORRIDA TURISTICA DE PIRACICABA,7482,27,2025,29/06/2025,PIRACICABA,SP,0,1,1,0
CORRIDA 100% VOCE - MACEIO,7477,38,2025,16/09/2025,MACEIO,AL,1,1,0,0
NETSHOES RUN SAO PAULO,7343,35,2025,24/08/2025,SAO PAULO,SP,1,1,1,0
TRICOLOR RUN NIGHT 2025 - 20 ANOS DO TRI,7322,28,2025,12/07/2025,SAO PAULO,SP,1,1,0,0
CORRIDA DO GER,7305,7,2026,08/02/2026,BELO HORIZONTE,MG,1,1,0,0
RIO 21K,7300,31,2025,27/07/2025,RIO DE JANEIRO,RJ,1,0,1,0
VENUS WOMEN'S HALF MARATHON 2025,7163,49,2025,30/11/2025,SAO PAULO,SP,1,1,1,0
40 CORRIDA DO CIRIO - 2025,7112,44,2025,26/10/2025,BELEM,PA,1,1,0,0
21 MEIA MARATONA DE SAO BERNARDO DO CAMPO,7042,35,2025,24/08/2025,SAO BERNARDO DO CAMPO,SP,1,1,1,0
NEW BALANCE,6929,33,2025,10/08/2025,SAO PAULO,SP,0,1,1,0
CORRIDA E CAMINHADA PELA INCLULSAO OLGA KOS BRASILIA ANO III,6806,49,2025,30/11/2025,BRASILIA,DF,1,1,0,0
OLKA KOSS II 2025,6806,49,2025,30/11/2025,BRASILIA,DF,1,1,0,0
HOKA SPEED RUN 2025 - SAO PAULO,6741,28,2025,06/07/2025,SAO PAULO,SP,0,1,1,1
MEIA MARATONA DE SAO PAULO 2026,6649,5,2026,25/01/2026,SAO PAULO,SP,1,1,1,0
ECO RUN - SPECIAL EDITION - SAO PAULO - 2025,6647,40,2025,28/09/2025,SAO PAULO,SP,1,1,0,0
VERA CRUZ - 2025,6630,53,2025,31/12/2025,RIO DE JANEIRO,RJ,0,1,1,0
MEIA MARATONA INTERNACIONAL DE CURITIBA - 2025,6574,25,2025,15/06/2025,CURITIBA,PR,1,1,1,0
BOTA PRA CORRER - RIO DE JANEIRO - 2025,6499,40,2025,28/09/2025,RIO DE JANEIRO,RJ,1,1,0,0
VASCORRIDA 2025,6411,40,2025,28/09/2025,RIO DE JANEIRO,RJ,1,1,0,0
CIRCUITO DAS ESTACOES 2025 - PRIMAVERA - RECIFE,6384,39,2025,21/09/2025,RECIFE,PE,1,1,1,0
MARATONA INTERNACIONAL DE POMERODE 2025,6369,44,2025,26/10/2025,POMERODE,SC,0,1,1,1
SESC NAS PONTES 2025,6324,40,2025,28/09/2025,BRASILIA,DF,1,1,1,0
CORRIDA DE CARNAVAL,6321,7,2026,08/02/2026,RIO DE JANEIRO,RJ,1,0,0,0
VYBBE RUN SUNSET,6300,45,2025,08/11/2025,FORTALEZA,CE,1,1,0,0
CHOQUE RUN 2025,6284,39,2025,21/09/2025,BELO HORIZONTE,MG,1,1,0,0
ILUMINA PARANA - CURITIBA - VALIDO PELO RANKING CORRIDAS AENT - ETAPA 1,6191,8,2026,21/02/2026,CURITIBA,PR,1,1,0,0
ASICS GOLDEN RUN RIO DE JANEIRO 2025,6079,29,2025,13/07/2025,RIO DE JANEIRO,RJ,0,1,1,0
34 CORRIDA DO FOGO - CBMDF,6062,25,2025,15/06/2025,BRASILIA,DF,1,1,0,0
CIRCUITO DAS ESTACOES 2025 - INVERNO - BELO HORIZONTE,6032,29,2025,13/07/2025,BELO HORIZONTE,MG,1,1,1,0
CIRCUITO DAS ESTACOES 2025 - VERAO - RECIFE,5987,47,2025,16/11/2025,RECIFE,PE,1,1,0,0
ATHENAS RUN STRONGER 2025,5975,25,2025,15/06/2025,SAO PAULO,SP,0,1,1,1
CIRCUITO DAS ESTACOES 2025 - PRIMAVERA - FORTALEZA,5927,38,2025,14/09/2025,FORTALEZA,CE,1,1,1,0
CIRCUITO DAS ESTACOES 2025 - INVERNO - FORTALEZA,5871,27,2025,29/06/2025,FORTALEZA,CE,1,1,1,0
MEIA MARATONA EU AMO RECIFE - 12 EDICAO,5862,39,2025,27/09/2025,RECIFE,PE,1,1,1,0
CIRCUITO DAS ESTACOES 2025 - INVERNO - RECIFE,5832,28,2025,06/07/2025,RECIFE,PE,1,1,1,0
CORRIDA ESG PIRACICABA - 2025,5796,32,2025,03/08/2025,PIRACICABA,SP,0,1,0,0
CIRCUITO LIGHT RIO ANTIGO - ETAPA PORTO MARAVILHA,5789,49,2025,30/11/2025,RIO DE JANEIRO,RJ,1,1,0,0
9 CORRIDA E CAMINHADA DO MERCADO CENTRAL,5767,24,2025,08/06/2025,BELO HORIZONTE,MG,1,1,0,0
CIRCUITO DE CORRIDAS SANEPAR 2025 - ETAPA CURITIBA,5737,51,2025,14/12/2025,CURITIBA,PR,1,1,0,0
NIGHT RUN 2025 - ETAPA 1 - BRASILIA,5727,44,2025,01/11/2025,BRASILIA,DF,1,1,1,0
7 CORRIDA FESTIVAL PORTO CIDADE 2026,5717,6,2026,01/02/2026,SANTOS,SP,0,1,0,0
21K TERRA DA LUZ - 2025,5697,51,2025,14/12/2025,FORTALEZA,CE,0,1,1,0
CORRIDA DA INDEPENDENCIA NO MUSAL,5688,39,2025,21/09/2025,RIO DE JANEIRO,RJ,1,0,0,0
8 MARATONA SOROCABA NOVEMBRO AZUL,5681,49,2025,30/11/2025,SOROCABA,SP,1,1,1,1
8 CIRCUITO PERMANENTE RUN,5624,43,2025,19/10/2025,MACEIO,AL,1,1,1,0
CORRIDA DA BANDEIRA,5602,47,2025,16/11/2025,RIO DE JANEIRO,RJ,1,0,0,0
CIRCUITO DAS ESTACOES 2025 - VERAO - BELO HORIZONTE,5600,49,2025,30/11/2025,BELO HORIZONTE,MG,1,1,0,0
CIRCUITO DO SOL - RIO DE JANEIRO 2026,5581,6,2026,01/02/2026,RIO DE JANEIRO,RJ,1,1,1,0
58 CORRIDA SARGENTO GONZAGUINHA,5568,51,2025,14/12/2025,SAO PAULO,SP,1,0,1,0
CORRIDA DE NATAL 2025 - CAMPOS DOS AFONSOS MUSAL,5545,51,2025,14/12/2025,RIO DE JANEIRO,RJ,1,0,0,0
CORRIDA 100% VOCE,5529,28,2025,08/07/2025,ARACAJU,SE,1,1,0,0
CIRCUITO DAS ESTACOES 2025 - VERAO - FORTALEZA,5502,49,2025,30/11/2025,FORTALEZA,CE,1,1,0,0
CIRCUITO DAS ESTACOES 2025 - PRIMAVERA - BELO HORIZONTE,5472,37,2025,07/09/2025,BELO HORIZONTE,MG,1,1,1,0
MARATONA PRAIA GRANDE,5410,25,2025,15/06/2025,PRAIA GRANDE,SP,1,1,1,1
DESAFIO MINALBA 2025,5321,48,2025,23/11/2025,SAO PAULO,SP,1,1,0,0
CORRIDAS CURITIBA 2025 - ETAPA 3,5273,26,2025,22/06/2025,SAO JOSE DOS PINHAIS,PR,1,1,0,0
MEIA MARATONA THE BEST ACAI 2025,5235,46,2025,09/11/2025,LONDRINA,PR,1,1,1,0
CIRCUITO DO SOL - SAO PAULO 2026,5152,6,2026,01/02/2026,SAO PAULO,SP,1,1,1,0
TRICOLOR RUN NOTURNA 2025 - 2 ETAPA,5127,51,2025,20/12/2025,SAO PAULO,SP,1,1,0,0
COXA RUN 2025,5110,46,2025,09/11/2025,CURITIBA,PR,1,1,0,0
CIRCUITO LIGHT RIO ANTIGO - ETAPA LARGO DA CARIOCA,5096,29,2025,13/07/2025,RIO DE JANEIRO,RJ,1,1,0,0
ENDORFINA RUN - RECREIO,5088,24,2025,08/06/2025,RIO DE JANEIRO,RJ,1,0,0,0
3 SPORTV RUN,5064,25,2025,15/06/2025,RIO DE JANEIRO,RJ,1,1,0,0
CIRCUITO ANAPOLINO DE CORRIDA DE RUA - ETAPA 5,5062,35,2025,24/08/2025,ANAPOLIS,GO,1,0,0,0
14 CIRCUITO ANAPOLINO DE CORRIDA DE RUA - 7 ETAPA,5054,47,2025,16/11/2025,ANAPOLIS,GO,1,0,1,0
1 MEIA MARATONA DE ANAPOLIS 21K,5054,47,2025,16/11/2025,ANAPOLIS,GO,1,0,1,0
CORRIDA AFRODITE 2025,5040,34,2025,17/08/2025,SANTOS,SP,0,1,0,0
NIGHT RUN 2025 - ETAPA 2 - RIO DE JANEIRO,5029,45,2025,07/11/2025,RIO DE JANEIRO,RJ,0,1,0,0
CORRIDA VERDEMAR 2025,5026,40,2025,28/09/2025,BELO HORIZONTE,MG,1,1,1,0
CORRIDA DA CAVALARIA,5020,44,2025,01/11/2025,BELO HORIZONTE,MG,1,1,0,0
MARATONA DE LONDRINA 2025,4997,27,2025,29/06/2025,LONDRINA,PR,1,1,1,1
MINIONS RUN,4948,48,2025,23/11/2025,BELO HORIZONTE,MG,1,1,0,0
CORRIDA ITATIAIA 2025,4917,32,2025,03/08/2025,BELO HORIZONTE,MG,1,1,1,0
CORRIDA ARENA MRV,4917,49,2025,30/11/2025,BELO HORIZONTE,MG,1,1,0,0
MARATONA DE JURERE 2025,4904,44,2025,01/11/2025,FLORIANOPOLIS,SC,1,1,1,1
LIVE! RUN XP 2025 - SAO PAULO II,4885,29,2025,13/07/2025,SAO PAULO,SP,1,1,0,0
MEIA MARATONA PRF 191,4865,46,2025,09/11/2025,NATAL,RN,1,1,1,0
PATIO GOURMET RUN 10 - EDICAO COMEMORATIVA,4857,44,2025,26/10/2025,MANAUS,AM,1,1,0,0
MEIA MARATONA DA AMAZONIA,4833,38,2025,14/09/2025,BELEM,PA,1,1,1,0
BIMBO GLOBAL RACE 2025 - SAO PAULO,4812,40,2025,28/09/2025,SAO PAULO,SP,1,1,0,0
14 CIRCUITO ANAPOLINO DE CORRIDA DE RUA - 8 ETAPA - NIGHT,4805,49,2025,06/12/2025,ANAPOLIS,GO,1,0,0,0
CORRIDAS DO BAHEA,4774,24,2025,08/06/2025,SALVADOR,BA,1,1,0,0
14 CIRCUITO ANAPOLINO DE CORRIDA DE RUA - ETAPA 4,4773,25,2025,15/06/2025,ANAPOLIS,GO,1,0,0,0
BIMBO GLOBAL RACE 2025 - RIO DE JANEIRO,4625,40,2025,28/09/2025,RIO DE JANEIRO,RJ,1,1,0,0
NEW BALANCE - RIO DE JANEIRO - 2025,4609,44,2025,26/10/2025,RIO DE JANEIRO,RJ,0,1,1,0
14 CIRCUITO ANAPOLINO DE CORRIDA DE RUA - ETAPA 6 BASE,4588,40,2025,28/09/2025,ANAPOLIS,GO,1,0,0,0
CORRIDONA,4574,28,2025,06/07/2025,BRASILIA,DF,1,1,0,0
CIRCUITO DAS ESTACOES 2025 - INVERNO - BRASILIA,4546,27,2025,29/06/2025,BRASILIA,DF,1,1,1,0
7 BATMAN & BATGIRL RUN SERIES,4536,37,2025,13/09/2025,SAO PAULO,SP,1,1,0,0
CIRCUITO ADULTO DE CORRIDAS CURITIBA - 2 ETAPA,4526,29,2025,13/07/2025,CURITIBA,PR,1,1,0,0
CIRCUITO ADULTO DE CORRIDAS CURITIBA - 4 ETAPA,4509,44,2025,26/10/2025,CURITIBA,PR,1,1,0,0
DESAFIO DA PONTE 2025,4501,32,2025,03/08/2025,NITEROI,RJ,0,0,1,0
CIRCUITO DAS ESTACOES 2025 - VERAO - BRASILIA,4479,50,2025,07/12/2025,BRASILIA,DF,1,1,0,0
MEIA MARATONA DE PIRACICABA,4455,50,2025,07/12/2025,PIRACICABA,SP,1,1,1,0
JINGLE BELLS 2025,4443,50,2025,13/12/2025,BRASILIA,DF,1,0,0,0
CIRCUITO ADIDAS MDR 2025 - RECIFE,4437,45,2025,02/11/2025,RECIFE,PE,0,1,1,0
CIRCUITO DAS ESTACOES 2025 - VERAO - SALVADOR,4436,51,2025,14/12/2025,SALVADOR,BA,1,1,0,0
7 CORRIDA FARMACIA ZE DO BAIRRO,4422,38,2025,14/09/2025,ARACAJU,SE,1,1,1,0
CIRCUITO LIGHT RIO ANTIGO - ETAPA CINELANDIA,4418,38,2025,14/09/2025,RIO DE JANEIRO,RJ,1,1,0,0
CIRCUITO ADULTO DE CORRIDAS CURITIBA - 3 ETAPA,4396,39,2025,21/09/2025,CURITIBA,PR,1,1,0,0
CIRCUITO ALL RUNNING - 2 ETAPA,4394,25,2025,15/06/2025,RIO DE JANEIRO,RJ,1,0,0,0
CORRIDA SAO VICENTE DO ALVINEGRO 2025,4387,46,2025,09/11/2025,PIRACICABA,SP,1,1,1,0
MEIA DE SANTOS 2025,4378,23,2025,01/06/2025,SANTOS,SP,0,1,1,0
CORRIDA BOB ESPONJA EM BUSCA DA CALCA QUADRADA - SP,4358,51,2025,20/12/2025,SAO PAULO,SP,1,0,0,0
BONISSIMA RUN 2025 - ETAPA INVERNO,4339,31,2025,27/07/2025,BELO HORIZONTE,MG,1,1,1,0
CIRCUITO S RUN EDICAO SAO PAULO 2025,4303,23,2025,01/06/2025,SAO PAULO,SP,1,1,0,0
DESAFIO BETO CARRERO WORLD 2025,4289,31,2025,01/08/2025,PENHA,SC,1,1,1,1
LA MISION 2025,4261,33,2025,14/08/2025,PASSA QUATRO,MG,0,1,1,1
BARBIE RUN SAO PAULO,4251,46,2025,09/11/2025,SAO PAULO,SP,0,1,0,0
CORRIDA MAE APARECIDA 2025,4229,24,2025,14/06/2025,APARECIDA,SP,1,1,0,0
DISNEY MAGIC RUN 2025,4211,42,2025,12/10/2025,RIO DE JANEIRO,RJ,0,1,0,0
27 CORRIDA PEDESTRE PMPR - CORONEL SARMENTO,4178,35,2025,24/08/2025,CURITIBA,PR,1,1,0,0
CIRCUITO DAS ESTACOES 2025 - INVERNO - SALVADOR,4167,30,2025,20/07/2025,SALVADOR,BA,1,1,1,0
GIRL POWER 2025 - BRASILIA,4117,47,2025,16/11/2025,BRASILIA,DF,1,1,0,0
3 CORRIDA CESAN,4070,53,2025,28/12/2025,VILA VELHA,ES,0,1,0,0
BOPE SUNSET RUN 4,4018,48,2025,29/11/2025,BELEM,PA,0,1,0,0
CEARA SEM FOME,4013,42,2025,18/10/2025,FORTALEZA,CE,1,0,0,0
CIRCUITO DAS ESTACOES 2025 - INVERNO - CURITIBA,3987,30,2025,20/07/2025,CURITIBA,PR,1,1,0,0
MEIA MARATONA DO SOL 2025,3979,38,2025,20/09/2025,NATAL,RN,0,0,1,0
CORRIDA MULHER-MARAVILHA SAO PAULO,3964,48,2025,23/11/2025,SAO PAULO,SP,1,0,0,0
MARATONA INTERNACIONAL DE JOAO PESSOA 2025,3958,32,2025,03/08/2025,JOAO PESSOA,PB,1,1,1,1
LIVE! RUN XP 2025 - BRASILIA I,3953,24,2025,08/06/2025,BRASILIA,DF,1,1,1,0
SESC+CORRIDAS   ETAPA GUARA,3930,26,2025,22/06/2025,BRASILIA,DF,1,1,1,0
HELLO KITTY AND FRIENDS FUN RUN,3900,32,2025,03/08/2025,SAO PAULO,SP,1,1,0,0
CORRIDA EM FAMILIA - REDE COMPRAS,3891,34,2025,17/08/2025,CAMPINA GRANDE,PB,1,1,1,0
NIGHT RUN 2025 - ETAPA 1 - SALVADOR,3891,42,2025,18/10/2025,SALVADOR,BA,1,1,1,0
NIGHT RUN - CAMPINAS - 2025,3883,37,2025,13/09/2025,CAMPINAS,SP,1,1,0,0
CIRCUITO BANCO DO BRASIL 2025 - BRASILIA,3881,49,2025,30/11/2025,BRASILIA,DF,1,1,0,0
TRACK&FIELD RUN SERIES 2025 - JK II,3877,32,2025,03/08/2025,SAO PAULO,SP,1,1,0,0
PALMEIRAS RUN 2025,3825,50,2025,07/12/2025,SAO PAULO,SP,1,1,0,0
BLUE RUN - SAO PAULO,3820,30,2025,20/07/2025,SAO PAULO,SP,1,1,0,0
6 MEIA MARATONA DA RESERVA,3790,39,2025,21/09/2025,RIO DE JANEIRO,RJ,1,1,0,0
CORRIDA SANTOS DUMONT - 2025,3770,41,2025,05/10/2025,RIO DE JANEIRO,RJ,1,0,0,0
CORRIDA DOS PROFESSORES - 2025,3742,42,2025,12/10/2025,RIO DE JANEIRO,RJ,1,0,0,0
CORRIDA POUPEX 2025,3666,29,2025,19/07/2025,BRASILIA,DF,1,1,0,0
XIII CORRIDA DA RONE,3662,31,2025,27/07/2025,CURITIBA,PR,0,1,0,0
BOTA PRA CORRER - SALVADOR - 2025,3655,48,2025,23/11/2025,SALVADOR,BA,1,1,0,0
CIRCUITO SESC DE CORRIDAS - ETAPA FORTALEZA,3649,48,2025,23/11/2025,FORTALEZA,CE,1,1,0,0
TRACK&FIELD RUN SERIES 2025 - ESPORTE CLUBE PINHEIROS,3646,38,2025,14/09/2025,SAO PAULO,SP,1,1,0,0
LIVE! RUN XP 2025 - BRASILIA II,3643,43,2025,19/10/2025,BRASILIA,DF,1,1,1,0
ECLIPSE NIGHT RUN - LUA CHEIA,3641,32,2025,09/08/2025,RIO DE JANEIRO,RJ,1,0,0,0
CORRIDA DA ACADEMIA DE POLICIA DO BARRO BRANCO,3640,35,2025,24/08/2025,SAO PAULO,SP,1,1,0,0
2 CORRIDA DROGARIA RECIFE RUN,3635,43,2025,19/10/2025,RECIFE,PE,1,1,0,0
CIRCUITO DAS ESTACOES 2025 - PRIMAVERA - SALVADOR,3631,40,2025,28/09/2025,SALVADOR,BA,1,1,1,0
SUPER HUMANS - SAO PAULO - 2025,3620,39,2025,21/09/2025,SAO PAULO,SP,1,1,0,0
CORRIDA DO GREMIO - 2025,3617,44,2025,26/10/2025,PORTO ALEGRE,RS,1,1,0,0
18 CORRIDA UNIMED FORTALEZA,3614,43,2025,19/10/2025,FORTALEZA,CE,1,1,1,0
CORRIDAS CURITIBA 2025 - ETAPA 4,3612,32,2025,09/08/2025,PINHAIS,PR,1,1,0,0
ECO RUN 2025 - RECIFE,3585,41,2025,05/10/2025,RECIFE,PE,1,1,0,0
CIRCUITO BANCO DO BRASIL - SALVADOR,3582,28,2025,06/07/2025,SALVADOR,BA,1,1,0,0
INTERLAGOS NIGHT RUN,3550,23,2025,07/06/2025,SAO PAULO,SP,1,1,0,0
CIRCUITO DAS ESTACOES 2025 - VERAO - CURITIBA,3539,49,2025,30/11/2025,CURITIBA,PR,1,1,0,0
MEIA MARATONA FOCO RUN,3532,23,2025,01/06/2025,MANAUS,AM,1,1,1,0
BARBIE RUN RIO DE JANEIRO,3527,44,2025,26/10/2025,RIO DE JANEIRO,RJ,0,1,0,0
CORRIDA DOE VIDA GRAACC 2025,3526,42,2025,12/10/2025,SANTOS,SP,1,1,0,0
20 CORRIDA DAS PONTES DO RECIFE DROGASIL,3520,23,2025,01/06/2025,RECIFE,PE,1,1,1,0
CIRCUITO DAS ESTACOES 2025 - PRIMAVERA - CURITIBA,3495,38,2025,14/09/2025,CURITIBA,PR,1,1,0,0
HOKA SPEED RUN 2025 - RIO DE JANEIRO,3492,46,2025,15/11/2025,RIO DE JANEIRO,RJ,0,1,1,1
1 MARATONA DE SAO JOSE,3488,39,2025,21/09/2025,SAO JOSE DOS CAMPOS,SP,1,1,1,1
5K GOIANIA,3479,52,2025,27/12/2025,GOIAS,GO,1,0,0,0
CIRCUITO GOIANIA 5K - EDICAO 1 2025,3474,43,2025,23/10/2025,GOIANIA,GO,1,0,0,0
CORRIDA DO LAION,3472,42,2025,12/10/2025,FORTALEZA,CE,1,1,0,0
2 CORRIDA DO LAION,3467,42,2025,12/10/2025,FORTALEZA,CE,1,1,0,0
CORRIDA E CAMINHADA DE NATAL FARMAPONTE,3430,50,2025,13/12/2025,SOROCABA,SP,1,1,0,0
BOTA PRA CORRER - FORTALEZA - 2025,3396,46,2025,09/11/2025,FORTALEZA,CE,1,1,0,0
3 MEIA MARATONA INTERNACIONAL DE GUARULHOS,3367,31,2025,27/07/2025,GUARULHOS,SP,1,1,1,0
MEIA MARATONA DO MERCADO PUBLICO,3356,41,2025,05/10/2025,PORTO ALEGRE,RS,1,1,1,0
10 MEIA MARATONA DE CAXIAS DO SUL 2025,3338,40,2025,28/09/2025,CAXIAS DO SUL,RS,1,1,1,0
NIGHT RUN 2025 - ETAPA 1 - BELO HORIZONTE,3337,45,2025,08/11/2025,BELO HORIZONTE,MG,1,1,0,0
13 MEIA MARATONA DE CAMPINAS,3334,24,2025,08/06/2025,CAMPINAS,SP,0,1,1,0
BOP GAMES RUN 2025,3330,38,2025,14/09/2025,BELO HORIZONTE,MG,1,1,0,0
CORRIDA E CAMINHADA OUTUBRO ROSA ASPEC,3313,41,2025,05/10/2025,BELO HORIZONTE,MG,1,0,0,0
BELEM NIGHT RUN BLUE SKY,3291,39,2025,27/09/2025,BELEM,PA,1,1,0,0
SANTOS RUN 8K 2025,3285,46,2025,09/11/2025,SANTOS,SP,0,1,0,0
BATEL RUN 2026,3282,5,2026,25/01/2026,CURITIBA,PR,1,1,0,0
CORRIDA DO SOL,3275,28,2025,06/07/2025,BELEM,PA,1,1,0,0
NIGHT RUN 2025 - ETAPA 1 - FORTALEZA,3263,40,2025,04/10/2025,FORTALEZA,CE,1,1,0,0
GOIANIA 5K  ETAPA 3 - 2025,3263,48,2025,29/11/2025,GOIANIA,GO,1,0,0,0
CORRIDAS CURITIBA JUNTO SEGUROS - ETAPA 5,3254,42,2025,12/10/2025,PINHAIS,PR,1,1,0,0
MINIONS RUN - SAO PAULO,3249,46,2025,09/11/2025,SAO PAULO,SP,1,0,0,0
ECLIPSE NIGHT RUN - LUA MINGUANTE,3248,41,2025,11/10/2025,RIO DE JANEIRO,RJ,1,0,0,0
CIRCUITO BANCO DO BRASIL - ETAPA SAO PAULO,3242,24,2025,08/06/2025,SAO PAULO,SP,1,1,0,0
1 CORRIDA DA CIDADANIA VAPT VUPT,3238,41,2025,05/10/2025,FORTALEZA,CE,1,1,0,0
CORRIDA VAPT VUPT,3238,41,2025,05/10/2025,FORTALEZA,CE,1,1,0,0
RUN SUS,3234,45,2025,08/11/2025,BRASILIA,DF,1,0,0,0
CORRIDA PINK DO BEM OSSEL ASSISTENCIA 2025,3231,44,2025,26/10/2025,SOROCABA,SP,1,1,0,0
MEIA MARATONA SC21K 2025,3194,48,2025,23/11/2025,FLORIANOPOLIS,SC,1,0,1,0
MARATONA DE CAMPO GRANDE 2025,3168,28,2025,06/07/2025,CAMPO GRANDE,MS,1,1,1,1
10 CORRIDA VENANCIO 2025,3147,35,2025,24/08/2025,RIO DE JANEIRO,RJ,1,1,0,0
MARATONA DO LITORAL,3111,34,2025,17/08/2025,MATINHOS,PR,1,1,1,1
NFL RUN - 2025,3080,37,2025,07/09/2025,SAO PAULO,SP,1,0,0,0
CORRIDA ITALIANA DO CRUZEIRO,3057,9,2026,22/02/2026,BELO HORIZONTE,MG,1,1,0,0
CIRCUITO CORRIDA DE RUA DE SAO JOSE DOS PINHAIS 2025 - ETAPA JUVENTUDE,3049,49,2025,06/12/2025,SAO JOSE DOS PINHAIS,PR,1,0,0,0
3 MARATONA DE SANTA MARIA,3023,43,2025,19/10/2025,SANTA MARIA,RS,1,1,1,1
CORRIDA TIME BRASIL,3005,24,2025,08/06/2025,RIO DE JANEIRO,RJ,1,1,0,0
CORRIDA VOZAO,2986,23,2025,01/06/2025,FORTALEZA,CE,1,1,0,0
14 NIGHT RUN NOVO RIO PINHEIROS,2962,2,2026,10/01/2026,SAO PAULO,SP,1,1,1,0
MEIA MARATONA DE AMERICANA 2026,2962,4,2026,18/01/2026,AMERICANA,SP,1,1,1,0
PANVEL RUN,2939,30,2025,20/07/2025,PORTO ALEGRE,RS,1,1,0,0
TRACK&FIELD RUN SERIES 2025 - SHOPPING ELDORADO,2878,30,2025,20/07/2025,SAO PAULO,SP,1,1,0,0
CIRCUITO DAS ESTACOES 2025 - PRIMAVERA - BELEM,2870,37,2025,07/09/2025,BELEM,PA,1,1,0,0
4 CORRIDA NOVA ERA,2866,39,2025,21/09/2025,MANAUS,AM,1,1,0,0
GIRL POWER RUN - SALVADOR,2835,35,2025,24/08/2025,SALVADOR,BA,1,1,0,0
CORRIDA SUPERMAN,2834,27,2025,29/06/2025,SAO PAULO,SP,1,1,0,0
CORRIDA DA INDEPENDENCIA NA AVIACAO DO EXERCITO,2815,36,2025,06/09/2025,TAUBATE,SP,1,1,0,0
PLANET RUN 2025 - ETAPA JAPAO,2813,46,2025,15/11/2025,BELO HORIZONTE,MG,1,1,0,0
3 CORRIDA DO LEAO,2799,44,2025,26/10/2025,SALVADOR,BA,1,1,0,0
CORRIDA DO EXERCITO,2792,51,2025,14/12/2025,BELO HORIZONTE,MG,1,1,0,0
CIRCUITO GOIA?NIA 5K - EDICAO 2 - 2025,2788,45,2025,08/11/2025,GOIANIA,GO,1,0,0,0
BARBIE RUN DE BELO HORIZONTE,2774,45,2025,02/11/2025,BELO HORIZONTE,MG,0,1,0,0
NIGHT RUN - PORTO ALEGRE - 2025,2774,47,2025,22/11/2025,PORTO ALEGRE,RS,1,1,0,0
NOITE RUN 2025,2759,49,2025,30/11/2025,PORTO ALEGRE,RS,1,1,0,0
1 CORRIDA ANA NERI,2756,23,2025,01/06/2025,BRASILIA,DF,1,0,0,0
CORRIDA E CAMINHADA CONTRA A FOME,2750,34,2025,17/08/2025,SAO PAULO,SP,1,1,0,0
GUUD RUN ETAPA SAO PAULO,2746,23,2025,01/06/2025,SAO PAULO,SP,1,1,0,0
ECO RUN - SALVADOR - 2025,2735,46,2025,09/11/2025,SALVADOR,BA,1,1,0,0
CORRIDAS CURITIBA - ETAPA 6,2734,45,2025,02/11/2025,COLOMBO,PR,1,1,0,0
CORRIDA GOURMET 2025 - CENTRO HISTORICO SAO PAULO,2728,46,2025,15/11/2025,SAO PAULO,SP,1,0,0,0
MARATONA OFICIAL DE RIBEIRAO PRETO PIRACANJUBA PROFORCE 2026,2724,5,2026,25/01/2026,RIBEIRAO PRETO,SP,1,1,1,1
10K SP CHALLENGE 2025,2723,23,2025,01/06/2025,SAO PAULO,SP,0,1,0,0
CORRIDA BOB ESPONJA - FORTALEZA,2723,31,2025,27/07/2025,FORTALEZA,CE,1,0,0,0
CIRCUITO DAS ESTACOES 2025 - PRIMAVERA - PORTO ALEGRE,2706,38,2025,14/09/2025,PORTO ALEGRE,RS,1,1,1,0
CORRIDA DA MULHER MOBILIZE 2026,2700,9,2026,22/02/2026,CURITIBA,PR,1,1,0,0
CIRCUITO DAS ESTACOES 2025 - VERAO - PORTO ALEGRE,2699,50,2025,07/12/2025,PORTO ALEGRE,RS,1,1,0,0
CAIXA | CORRIDAS PELO NORDESTE - CAURARU - PE,2689,45,2025,02/11/2025,CARUARU,PE,1,1,0,0
TRACK&FIELD RUN SERIES 2025 - RECIFE,2687,34,2025,17/08/2025,RECIFE,PE,1,1,1,0
CIRCUITO DAS ESTACOES 2025 - INVERNO - BELEM,2668,25,2025,15/06/2025,BELEM,PA,1,1,0,0
1 MEIA MARATONA DE OSASCO 2026,2663,9,2026,22/02/2026,OSASCO,SP,1,1,1,0
MEIA E MARATONA CIDADE DE FLORIANOPOLIS 2025,2662,26,2025,22/06/2025,FLORIANOPOLIS,SC,1,0,1,1
BIOMAS - AMAZONIA - BELEM - 2025,2659,41,2025,05/10/2025,BELEM,PA,1,1,0,0
MGA CAPITAL RUNNING,2656,29,2025,13/07/2025,MARINGA,PR,1,1,1,0
LIVE! RUN XP 2025 - SAO PAULO,2651,43,2025,19/10/2025,SAO PAULO,SP,1,1,0,0
CORRIDA E CAMINHADA DO MEC,2650,40,2025,28/09/2025,BRASILIA,DF,1,1,0,0
POA NIGHT RUN,2649,39,2025,27/09/2025,PORTO ALEGRE,RS,1,1,0,0
CIRCUITO BIOMAS POR TODO BRASIL - CERRADO - 2025,2639,30,2025,20/07/2025,BRASILIA,DF,1,1,0,0
12 CORRIDA VIVA VIDA SAVEGNAGO,2639,46,2025,09/11/2025,SERTAOZINHO,SP,1,1,0,0
CORRENDO CONTRA O CANCER - 5K - 10K - 15K - 20K,2635,44,2025,26/10/2025,SAO PAULO,SP,1,1,1,0
MARATONA INTERNACIONAL DE BLUMENAU 2025,2625,28,2025,06/07/2025,BLUMENAU,SC,1,1,1,1
LIVE! RUN XP 2025 - RIO DE JANEIRO III,2624,47,2025,16/11/2025,RIO DE JANEIRO,RJ,1,1,0,0
TGS RUN 2025,2623,46,2025,15/11/2025,BRASILIA,DF,1,0,1,0
NIGHT RUN 2025 - CURITIBA,2614,32,2025,09/08/2025,CURITIBA,PR,1,1,0,0
15K DE SANTA - INVERNO 2025,2604,28,2025,06/07/2025,CURITIBA,PR,0,1,1,0
21 PROVA PEDESTRE CIDADE DE LONDRINA,2604,50,2025,07/12/2025,LONDRINA,PR,1,1,1,0
CORRIDA AERO RUN,2583,51,2025,14/12/2025,BELEM,PA,1,0,0,0
CELEBRATION RUN- CORRA PARA A VIRADA,2583,53,2025,28/12/2025,MACEIO,AL,1,0,1,0
RUN THE PINK 2025,2569,41,2025,05/10/2025,CURITIBA,PR,1,1,0,0
LIVE! RUN XP 2025 - FLORIANOPOLIS,2546,46,2025,09/11/2025,FLORIANOPOLIS,SC,1,1,1,0
CIRCUITO DAS ESTACOES 2025 - VERAO - JOAO PESSOA,2522,51,2025,14/12/2025,JOAO PESSOA,PB,1,1,1,0
CORRIDA DO BOMBEIRO 2025,2509,42,2025,12/10/2025,BELO HORIZONTE,MG,1,1,0,0
CORRIDA DO INTER 2025,2508,27,2025,29/06/2025,PORTO ALEGRE,RS,1,1,0,0
RIO MARAVILHA SEASONS 2025,2502,53,2025,28/12/2025,RIO DE JANEIRO,RJ,1,0,0,0
CORRIDA ASSAI - EDICAO FORTALEZA,2499,50,2025,07/12/2025,FORTALEZA,CE,1,1,0,0
CORRIDA DA PONTE 2025,2498,42,2025,12/10/2025,CURITIBA,PR,1,0,0,0
GIRL POWER 2025 - FORTALEZA,2493,34,2025,17/08/2025,FORTALEZA,CE,1,1,0,0
FRESH RUN SUPER MUFFATO 2025 - LONDRINA,2490,31,2025,27/07/2025,LONDRINA,PR,0,1,1,0
TRACK&FIELD RUN SERIES 2025 - SHOPPING BARRA,2483,33,2025,10/08/2025,SALVADOR,BA,1,1,1,0
CORRIDA PLIE PELA PRIMEIRA VEZ 2025 - ETAPA SHOPPING ELDORADO,2482,40,2025,28/09/2025,SAO PAULO,SP,1,1,0,0
CONDOR RUNNING ETAPA CURITIBA - 2025,2477,47,2025,16/11/2025,CURITIBA,PR,1,1,0,0
CIRCUITO OSCAR 2025 - ETAPA SAO JOSE DOS CAMPOS,2477,49,2025,30/11/2025,SAO JOSE DOS CAMPOS,SP,1,1,0,0
1 SAO PAULO CLASSIC RUN - ETAPA CENTRO HISTORICO,2475,25,2025,15/06/2025,SAO PAULO,SP,0,1,0,0
CORRIDA SAO VICENTE UACAI NIGHT RUN,2473,42,2025,18/10/2025,AMERICANA,SP,1,1,0,0
12 CORRIDA LUZES DA CIDADE - A MAIOR NIGHT RUN DO ESPIRITO SANTO,2458,47,2025,22/11/2025,VILA VELHA,ES,0,1,0,0
CIRCUITO DAS ESTACOES 2025 - VERAO - BELEM,2447,51,2025,14/12/2025,BELEM,PA,1,1,0,0
CORRIDA DO JEC 2026 JOINVILLE - SC,2447,5,2026,25/01/2026,JOINVILLE,SC,1,1,0,0
CORRIDA ENERGISA ELECTRIC RUN 2025,2444,48,2025,29/11/2025,ARACAJU,SE,1,1,0,0
21 CORRIDA DE SAO SEBASTIAO - 2026,2434,4,2026,20/01/2026,PARAUAPEBAS,PA,0,1,0,0
COMEPI BEAUTY RUN 2025,2427,48,2025,23/11/2025,MANAUS,AM,1,1,0,0
CORRIDA PRINCESAS RUN - ETAPA USP,2427,9,2026,22/02/2026,SAO PAULO,SP,0,1,0,0
CIRCUITO DAS ESTACOES 2025 - INVERNO - JOAO PESSOA,2425,28,2025,06/07/2025,JOAO PESSOA,PB,1,1,0,0
CORRIDA E CAMINHADA GRAACC COMBATENDO E VENCENDO O CANCER INFANTIL,2411,48,2025,23/11/2025,BARUERI,SP,1,1,0,0
II CORRIDA SUPERMERCADO DINIZ,2409,31,2025,27/07/2025,JUAZEIRO DO NORTE,CE,1,1,1,0
63 EDICAO DA PROVA PEDESTRE 28 DE JANEIRO DE 2026.,2405,5,2026,31/01/2026,APUCARANA,PR,1,0,0,0
CIRCUITO DAS ESTACOES 2025 - INVERNO - CABEDELO,2403,28,2025,06/07/2025,CABEDELO,PB,1,1,0,0
2 CORRIDA DA PF,2398,49,2025,30/11/2025,SALVADOR,BA,1,1,1,0
LIVE! RUN XP 2025 - BELO HORIZONTE,2393,47,2025,20/11/2025,BELO HORIZONTE,MG,1,1,1,0
MEIA MARATONA DE VILA VELHA - 3 EDICAO,2387,43,2025,19/10/2025,VILA VELHA,ES,1,1,1,0
CIRCUITO DE CORRIDAS PAGUE MENOS - 8 ETAPA CAMPINAS - 2025,2387,47,2025,16/11/2025,CAMPINAS,SP,1,1,0,0
5 CORRIDA CONTRA O CANCER - 2026,2387,9,2026,22/02/2026,JOAO PESSOA,PB,1,1,0,0
MEIA MARATONA DE GOIANIA 2025,2380,43,2025,19/10/2025,GOIANIA,GO,1,1,1,0
NIGHT RACE MOGI 2025,2378,30,2025,26/07/2025,MOGI DAS CRUZES,SP,1,1,0,0
4 CORRIDA DO TEATRO AMAZONAS,2371,53,2025,28/12/2025,MANAUS,AM,0,1,0,0
TRACK&FIELD RUN SERIES 2025 - CIDADE JARDIM II,2370,34,2025,17/08/2025,SAO PAULO,SP,0,1,1,0
GIRL POWER 2025 - VITORIA,2365,35,2025,24/08/2025,VITORIA,ES,1,1,0,0
LIVE! RUN XP 2025 - PORTO ALEGRE,2365,40,2025,28/09/2025,PORTO ALEGRE,RS,1,1,1,0
TUBOACOS CORRENDO COM JESUS 2025,2337,52,2025,21/12/2025,MANAUS,AM,1,1,0,0
CIRCUITO S RUN EDICAO SAO LUIS 2025,2333,48,2025,23/11/2025,SAO LUIS,MA,1,1,0,0
CIRCUITO DAS ESTACOES 2025 - PRIMAVERA - JOAO PESSOA,2331,40,2025,28/09/2025,JOAO PESSOA,PB,1,1,1,0
CIRCUITO DAS ESTACOES ETAPA PRIMAVERA 2025,2331,40,2025,28/09/2025,JOAO PESSOA,PB,1,1,1,0
LIVE! RUN XP 2025 - FORTALEZA II,2328,47,2025,16/11/2025,FORTALEZA,CE,1,1,1,0
CORRIDA DA BATALHA NAVAL DO RIACHUELO,2313,24,2025,08/06/2025,SANTAREM,PA,1,1,0,0
MEIA MARATONA DAS FLORES - ASSAI ATACADISTA,2301,50,2025,08/12/2025,MANAUS,AM,1,1,1,0
FAST RUN 5K-10K BSB,2301,4,2026,18/01/2026,BRASILIA,DF,1,1,0,0
CIRCUITO DAS ESTACOES 2025 - PRIMAVERA - MARANHAO,2298,40,2025,28/09/2025,SAO LUIS,MA,1,1,0,0
CIRCUITO DAS ESTACOES 2025 - PRIMAVERA - SAO LUIS,2298,40,2025,28/09/2025,SAO LUIS,MA,1,1,0,0
2 CORRIDA CAMARA MUNICIPAL DE BOA VISTA,2295,49,2025,30/11/2025,BOA VISTA,RR,1,0,0,0
CIRCUITO CORRIDA VALE 2025 - ETAPA VITORIA,2281,38,2025,14/09/2025,VITORIA,ES,1,1,0,0
CIRCUITO OSCAR 2025 - ETAPA MOGI,2274,27,2025,29/06/2025,MOGI DAS CRUZES,SP,1,1,0,0
CORRIDA DO ACO,2274,44,2025,26/10/2025,CUBATAO,SP,1,1,0,0
CIRCUITO DE CORRIDAS UNIMED - ETAPA FLORIANOPOLIS,2273,47,2025,16/11/2025,FLORIANOPOLIS,SC,1,1,0,0
SINAL VERDE ATRIUM RUN,2273,49,2025,30/11/2025,SANTO ANDRE,SP,1,1,0,0
MEIA MARATONA INTERNACIONAL GOIAS 205,2267,40,2025,28/09/2025,GOIAS,GO,1,1,0,0
20 SP RUN - SHOPPING SP MARKET,2267,7,2026,08/02/2026,SAO PAULO,SP,1,1,0,0
CIRCUITO DAS ESTACOES 2025 - PRIMAVERA - MANAUS,2265,38,2025,14/09/2025,MANAUS,AM,1,1,0,0
NIGHT RUN - GOIANIA 2025,2262,34,2025,23/08/2025,GOIANIA,GO,1,1,0,0
CORRIDA DA AMIZADE - 9  EDICAO,2255,5,2026,25/01/2026,ITABAIANA,SE,1,1,0,0
1 CORRIDA QUEM CORRE AMA,2254,5,2026,25/01/2026,MACEIO,AL,1,1,0,0
JAMPA RUN - 5K 10K | 2025,2249,37,2025,07/09/2025,JOAO PESSOA,PB,1,1,0,0
CORRIDA 10K TERNIUM 2025,2244,44,2025,26/10/2025,RIO DE JANEIRO,RJ,1,1,0,0
MEIA MARATONA COOP,2241,38,2025,14/09/2025,MACEIO,AL,0,1,1,0
CIRCUITO BANCO DO BRASIL - RIO DE JANEIRO,2237,30,2025,20/07/2025,RIO DE JANEIRO,RJ,1,1,0,0
11 BONITO 21K 2025,2236,49,2025,06/12/2025,BONITO,MS,1,1,1,0
CORRIDA CHOQUE VS BOPE,2233,51,2025,14/12/2025,RIO DE JANEIRO,RJ,1,1,0,0
CORRIDA DA FORCA AEREA 2025,2231,41,2025,05/10/2025,LAGOA SANTA,MG,1,1,0,0
4 CORRIDA DO CHOQUEANO,2229,31,2025,27/07/2025,GUARABIRA,PB,1,1,0,0
11 CORRIDA FARMACIA SANTA LUCIA,2214,31,2025,27/07/2025,VITORIA,ES,0,1,0,0
CRESOL RUN 2026,2210,4,2026,18/01/2026,LONDRINA,PR,1,1,0,0
5K GOIANIA 2026,2209,3,2026,17/01/2026,GOINIA,GO,1,0,0,0
CIRCUITO DAS ESTACOES 2025 - INVERNO - PORTO ALEGRE,2203,25,2025,15/06/2025,PORTO ALEGRE,RS,1,1,1,0
7 CORRIDA DO FOGO,2201,46,2025,09/11/2025,CURITIBA,PR,1,1,0,0
CORRIDA MUNDO LIVRE,2194,33,2025,16/08/2025,PINHAIS,PR,1,1,0,0
NIGHT RUN - ARACAJU 2025,2193,41,2025,11/10/2025,ARACAJU,SE,1,1,0,0
CIRCUITO DESBRAVA - RECIFE,2192,38,2025,14/09/2025,RECIFE,PE,1,1,0,0
1 CORRIDA DA GENTE NORDESTAO - ETAPA TIROL,2185,25,2025,15/06/2025,NATAL,RN,1,0,0,0
MARATONA DE NITEROI 2025,2185,38,2025,14/09/2025,NITEROI,RJ,0,1,1,1
ECO RUN - SOROCABA,2181,32,2025,03/08/2025,SOROCABA,SP,1,1,0,0
CIRCUITO DAS ESTACOES 2025 - INVERNO - MANAUS,2176,25,2025,15/06/2025,MANAUS,AM,1,1,0,0
RUN FOR LIFE 2025,2171,24,2025,08/06/2025,CAMPINAS,SP,0,1,0,0
HOKA SPEED RUN 2025 - SALVADOR,2162,41,2025,05/10/2025,SALVADOR,BA,0,1,1,1
FEIRA NIGHT RUN ANALISE 2025,2158,45,2025,08/11/2025,FEIRA DE SANTANA,BA,1,1,0,0
49 CORRIDA SAO SILVEIRA DE BARUERI 2025,2152,51,2025,14/12/2025,BARUERI,SP,0,1,0,0
4  CORRIDA SANTOS DUMONT - CINDACTA II,2144,42,2025,17/10/2025,CURITIBA,PR,1,1,0,0
CIRCUITO CPN,2139,29,2025,13/07/2025,RIO DE JANEIRO,RJ,1,1,0,0
1 CORRIDA DA POLICIA PENAL DE MINAS GERAIS,2137,43,2025,19/10/2025,BELO HORIZONTE,MG,1,1,0,0
ICESP RUN,2135,49,2025,30/11/2025,SAO PAULO,SP,1,1,0,0
9 CORRIDA ASA BRANCA,2125,5,2026,31/01/2026,FEIRA DE SANTANA,BA,1,1,0,0
MEIA MARATONA DO FOGO,2117,29,2025,13/07/2025,MANAUS,AM,1,1,1,0
7 SP PINK RUN,2111,41,2025,05/10/2025,SAO PAULO,SP,1,0,0,0
CORRIDA TURISMO,2111,42,2025,12/10/2025,BRASILIA,DF,1,1,1,0
VCP RUN 2025,2109,28,2025,06/07/2025,CAMPINAS,SP,1,1,1,0
CORRIDA E CAMINHADA PEQUENO PRINCIPE,2100,33,2025,10/08/2025,CURITIBA,PR,1,1,0,0
3 CORRIDA CASA O TOUREIRO   PARNAIBA   PI,2092,36,2025,31/08/2025,PARNAIBA,PI,1,1,1,0
CAIXA | CORRIDAS PELO NORDESTE - JUAZEIRO-BA,2088,41,2025,05/10/2025,JUAZEIRO,BA,1,1,0,0
NIGHT RUN 2025 - ETAPA 1 - BELEM,2084,38,2025,20/09/2025,BELEM,PA,1,1,0,0
LIVE! RUN XP 2025 - BELO HORIZONTE I,2071,27,2025,29/06/2025,BELO HORIZONTE,MG,1,1,0,0
NIGHT RUN NATAL LUZ - ALIANCA POR FLORIPA,2071,51,2025,20/12/2025,FLORIANOPOLIS,SC,1,1,0,0
CIRCUITO DAS ESTACOES 2025 - VERAO - MANAUS,2070,46,2025,09/11/2025,MANAUS,AM,1,1,0,0
CIRCUITO BANCO DO BRASIL - ETAPA FORTALEZA,2062,51,2025,14/12/2025,FORTALEZA,CE,1,1,0,0
13 MEIA MARATONA TRIBUNA - PRAIA GRANDE,2060,44,2025,26/10/2025,PRAIA GRANDE,SP,0,1,1,0
CORRIDA DOS BOMBEIROS - 11 EDICAO,2059,27,2025,29/06/2025,VITORIA,ES,0,1,0,0
CORRIDA CAMPEAO DOS CAMPEOES,2055,33,2025,10/08/2025,BELEM,PA,1,1,0,0
MISSIONARIA NIGHT RUN | 3 EDICAO,2055,36,2025,06/09/2025,MARINGA,PR,1,1,0,0
28 PRAIAS COSTA CENTRAL,2048,40,2025,04/10/2025,UBATUBA,SP,0,1,1,1
LIVE! RUN XP 2025 - GOIANIA,2044,26,2025,22/06/2025,GOIANIA,GO,1,1,1,0
I LOVE CORRIDA PRIO,2044,37,2025,13/09/2025,RIO DE JANEIRO,RJ,1,1,0,0
MEIA MARATONA FAROL A FAROL 2025 - 2 ETAPA,2030,36,2025,31/08/2025,SALVADOR,BA,1,1,1,1
CORRIDA BARAO DE JUNDIAHY - EXERCITO BRASILEIRO 2025,2025,44,2025,26/10/2025,JUNDIAI,SP,1,1,0,0
CORRIDA DO BEM ECO - ACAILANDIA - 2025,2008,27,2025,29/06/2025,ACAILANDIA,MA,1,1,0,0
CIRCUITO CPN - ETAPA CAMBOINHAS,2008,45,2025,08/11/2025,NITEROI,RJ,1,1,0,0
VEM PRA RUA - ETAPA PORTO DE GALINHAS,2004,51,2025,14/12/2025,RECIFE,PE,1,1,0,0
1 CORRIDA DO BAHEA   PRINCESA DO SERTAO,1994,40,2025,28/09/2025,FEIRA DE SANTANA,BA,1,1,0,0
CIRCUITO S RUN EDICAO SOROCABA 2025,1988,31,2025,27/07/2025,SOROCABA,SP,1,1,0,0
CIRCUITO S RUN EDICAO NATAL 2025,1977,40,2025,28/09/2025,NATAL,RN,1,1,0,0
6 CORRIDA OUTLET PREMIUM SAO PAULO,1970,46,2025,09/11/2025,ITUPEVA,SP,1,1,0,0
FURIOSO EXTREMA 2025,1968,39,2025,21/09/2025,LONDRINA,PR,1,1,0,0
CORRIDA UNIMED INSPIRA - ETAPA NIGHT 2025,1968,40,2025,04/10/2025,LONDRINA,PR,1,1,0,0
SAO GARRAFA RUN 2025,1967,51,2025,14/12/2025,NITEROI,RJ,1,0,1,0
PROGEN MOVE GUARULHOS,1965,28,2025,06/07/2025,GUARULHOS,SP,0,1,0,0
CIRCUITO S RUN EDICAO VITORIA 2025,1965,45,2025,02/11/2025,VITORIA,ES,1,1,0,0
CORRIDA DA POLICIA MILITAR   HOMENS DO MATO,1961,48,2025,23/11/2025,CUIABA,MT,1,1,0,0
MARATONA INTERNACIONAL DE OLINDA 2025,1949,24,2025,08/06/2025,OLINDA,PE,1,1,1,1
ELEVA NIGHT RUN ANAPOLIS,1949,34,2025,23/08/2025,ANAPOLIS,GO,1,1,0,0
XIV CIA SPORT RUN,1949,7,2026,08/02/2026,MANAUS,AM,1,1,0,0
CORRIDA AMB RUN EXPERIENCE 2025,1944,47,2025,16/11/2025,SALVADOR,BA,1,1,1,0
45 CORRIDA DE SAO PEDRO,1940,24,2025,14/06/2025,CACHOEIRO DE ITAPEMIRIM,ES,1,1,0,0
3 NISSEI RUN CURITIBA,1938,24,2025,08/06/2025,CURITIBA,PR,1,1,0,0
3 CORRIDA AMIGAO,1938,31,2025,27/07/2025,MARINGA,PR,1,1,0,0
ECO RUN BELEM - 2025,1928,44,2025,26/10/2025,BELEM,PA,1,1,0,0
ZAYED CHARITY RUN,1915,41,2025,05/10/2025,RIO DE JANEIRO,RJ,1,1,0,0
12 CORRIDA TRIBUNA RUAS DA CIDADE,1913,46,2025,09/11/2025,VITORIA,ES,1,1,0,0
NIGHT RUN 2025 - ETAPA 1 - JOAO PESSOA,1912,22,2025,31/05/2025,JOAO PESSOA,PB,1,1,0,0
ECO RUN BRASILIA - 2025,1909,28,2025,06/07/2025,BRASILIA,DF,1,1,0,0
CIRCUITO BIOMAS POR TODO BRASIL - MATA ATLANTICA - 2025,1899,25,2025,15/06/2025,RIO DE JANEIRO,RJ,1,1,0,0
VALE VERDE RUN 2025,1899,51,2025,14/12/2025,LONDRINA,PR,1,1,0,0
CIRCUITO CORRENDO PELO RIO 2025 - PRACA MAUA,1894,25,2025,15/06/2025,RIO DE JANEIRO,RJ,1,0,0,0
2 CORRIDA PRF - CURITIBA,1893,6,2026,01/02/2026,CURITIBA,PR,1,1,0,0
XVIII CORRIDA DA POLICIA CIVIL DO PARANA,1891,40,2025,28/09/2025,CURITIBA,PR,0,1,1,0
MARATONA DE CAMPINAS 2025,1890,30,2025,20/07/2025,CAMPINAS,SP,0,1,1,1
XXIV CORRIDA DO FOGO - CBMBA,1890,50,2025,07/12/2025,SALVADOR,BA,1,1,0,0
GRAND PLAZA RUN 2025,1876,39,2025,21/09/2025,SANTO ANDRE,SP,1,1,0,0
AERO NIGHT RUN - JUNDIAI,1875,40,2025,04/10/2025,JUNDIAI,SP,1,1,0,0
MEIA MARATONA TRT GOIAS - 2025,1875,48,2025,23/11/2025,GOIANIA,GO,1,1,1,0
CORRIDA BEM HORTIFRUTI,1855,45,2025,02/11/2025,BELO HORIZONTE,MG,1,1,0,0
5 CORRIDA BOMBEIROS VOLUNTARIOS DE JOINVILLE,1853,46,2025,15/11/2025,JOINVILLE,SC,1,1,0,0
X CORRIDA NEMA - NOSSA ENERGIA MOVE A AMAZONIA 2025,1850,46,2025,15/11/2025,MANAUS,AM,1,1,0,0
NEO RUNNING VILLA LOBOS,1845,49,2025,30/11/2025,SAO PAULO,SP,1,1,0,0
38 CORRIDA DO FOGO,1842,28,2025,06/07/2025,FORTALEZA,CE,1,1,0,0
SUMMER NIGHT RUN 2026,1841,9,2026,22/02/2026,CAPAO DA CANOA,RS,1,1,0,0
CIRCUITO NEO RUNNING,1839,26,2025,22/06/2025,SAO MIGUEL ARCANJO,SP,1,1,0,0
CAIXA | CORRIDAS PELO NORDESTE - CAMPINA GRANDE-PB,1837,35,2025,24/08/2025,CAMPINA GRANDE,PB,1,1,0,0
CORRIDA MAZZA RUN 5K E 10K,1835,27,2025,29/06/2025,SAO CAETANO DO SUL,SP,1,1,0,0
MEU PAIS DE CARUARU,1833,51,2025,14/12/2025,CARUARU,PE,1,0,0,0
TRACK&FIELD RUN SERIES 2025 - POMPEIA,1824,33,2025,10/08/2025,SAO PAULO,SP,1,1,1,0
7 CORRIDA DA RODOVIA,1818,32,2025,03/08/2025,FORTALEZA,CE,1,1,0,0
CIRCUITO DESBRAVA,1812,34,2025,17/08/2025,NATAL,RN,1,1,0,0
1 CIRCUITO INGA,1812,51,2025,14/12/2025,MARINGA,PR,0,1,0,0
RIO MARAVILHA ETAPA VERAO 2026,1812,6,2026,01/02/2026,RIO DE JANEIRO,RJ,1,0,0,0
3 CORRIDA SUPERMERCADO GUARA,1811,28,2025,06/07/2025,FORTALEZA,CE,1,1,1,0
MFC RUN - MARINGA FUTEBOL CLUBE,1806,35,2025,24/08/2025,MARINGA,PR,1,1,0,0
CASCAVEL RUN 74 ANOS,1806,46,2025,14/11/2025,CASCAVEL,PR,1,1,1,0
18 CORRIDA JUVENTUS,1803,35,2025,24/08/2025,SAO PAULO,SP,1,1,0,0
PARK RUN 2026,1803,5,2026,25/01/2026,BELO HORIZONTE,MG,0,1,0,0
CORRIDA SOLDADO DO BOPE,1790,36,2025,31/08/2025,RIO DE JANEIRO,RJ,1,1,0,0
POA LADIES RUN 2025,1790,43,2025,19/10/2025,PORTO ALEGRE,RS,1,1,0,0
CIRCUITO DESBRAVA - ETAPA CAMPINAS,1787,28,2025,09/07/2025,CAMPINAS,SP,1,1,0,0
5 CORRIDA OUTLET PREMIUM SAO PAULO,1783,30,2025,20/07/2025,ITUPEVA,SP,1,1,0,0
LIVE! RUN XP 2025 - SAO LUIS,1781,38,2025,14/09/2025,SAO LUIS,MA,1,1,0,0
CORRIDA DO BOB ESPONJA - VITORIA,1779,6,2026,01/02/2026,VITORIA,ES,1,0,0,0
LIVE! RUN XP 2025 - VITORIA,1770,30,2025,20/07/2025,VITORIA,ES,0,1,1,0
CIRCUITO DE CORRIDAS PAGUE MENOS - 5 ETAPA PIRACICABA - 2025,1769,34,2025,17/08/2025,PIRACICABA,SP,0,1,0,0
NIGHT RUN - FLORIANOPOLIS - 2025,1764,46,2025,15/11/2025,FLORIANOPOLIS,SC,1,1,0,0
3 CORRIDA KL ELETRICIDADE - 6KM - 21 ANOS - NIGHT RUN,1745,22,2025,31/05/2025,PARAUAPEBAS,PA,0,1,0,0
4 SPORTV RUN,1739,43,2025,19/10/2025,SAO PAULO,SP,1,1,0,0
LIVE! RUN XP 2025 - CAMPINAS II,1733,43,2025,19/10/2025,CAMPINAS,SP,1,1,1,0
TRACK&FIELD RUN SERIES 2025 - CENTER NORTE II,1732,29,2025,13/07/2025,SAO PAULO,SP,1,1,0,0
4  CORRIDA E CAMINHADA PREZUNIC,1732,40,2025,28/09/2025,RIO DE JANEIRO,RJ,1,1,0,0
LIVE! RUN XP 2025 - CAMPINAS,1732,43,2025,19/10/2025,CAMPINAS,SP,1,1,1,0
CIRCUITO DE CORRIDAS PAGUE MENOS - 1 ETAPA INDAIATUBA 2026,1732,9,2026,22/02/2026,INDAIATUBA,SP,1,1,1,0
1 CORRIDA REBOUCAS,1731,49,2025,30/11/2025,MOSSORO,RN,1,1,0,0
NIGHT RUN - CUIABAA - 2025,1727,35,2025,30/08/2025,CUIABA,MT,1,1,0,0
CORRIDA E CAMINHADA NATAL DE ENCANTOS - EDICAO VITORIA DO CONSUMIDOR CONSCIENTE 2025,1723,51,2025,20/12/2025,VITORIA,ES,0,1,0,0
II CORRIDA MULTMAIS,1721,29,2025,13/07/2025,SALVADOR,BA,1,1,0,0
TRACK&FIELD EXPERIENCE 2025 - RUNNING FEIRA DE SANTANA | PORTAL DO SERTAO,1721,29,2025,13/07/2025,FEIRA DE SANTANA,BA,1,1,0,0
CIRCUITO DESBRAVA - SAO PAULO,1717,47,2025,16/11/2025,SAO PAULO,SP,1,1,0,0
LIVE! RUN XP 2025 - NATAL,1713,23,2025,01/06/2025,NATAL,RN,1,1,1,0
CORRIDA DA SAUDE FARMACIA BRITO 2025,1710,38,2025,14/09/2025,FEIRA DE SANTANA,BA,1,1,0,0
1 CORRIDA NEW NUTRITION,1709,43,2025,19/10/2025,RIBEIRAO PRETO,SP,1,1,0,0
ECO RECICLA RUN,1707,23,2025,01/06/2025,SAO PAULO,SP,1,1,0,0
MARATONA INTERNACIONAL DE PIRACICABA,1701,32,2025,03/08/2025,PIRACICABA,SP,1,1,1,1
III CORRIDA DA POLICIA PENAL,1700,49,2025,06/12/2025,MACAPA,AP,0,1,0,0
3 CORRIDA DA RADIOPATRULHA,1699,36,2025,31/08/2025,RECIFE,PE,1,1,0,0
CORRIDA FOLHA METROPOLITANA,1698,50,2025,07/12/2025,GUARULHOS,SP,1,1,0,0
CIRCUITO DE CORRIDAS PAGUE MENOS - 4 ETAPA ITU - 2025,1696,25,2025,15/06/2025,ITU,SP,1,1,0,0
CIRCUITO ULTRAMACHO - SENTA A PUA,1693,42,2025,12/10/2025,CHAPADA DOS GUIMARAES,MT,0,1,1,1
AIRPORT RUN,1688,44,2025,26/10/2025,GUARULHOS,SP,1,0,0,0
CIRCUITO SESC DE CORRIDAS 2025 - ETAPA INTERLAGOS,1684,32,2025,03/08/2025,SAO PAULO,SP,0,1,0,0
GIRL POWER - GUARULHOS - 2025,1684,46,2025,09/11/2025,SAO PAULO,SP,1,1,0,0
CORRE CARNAVAL FOLIA 2026,1684,6,2026,01/02/2026,SALVADOR,BA,1,0,0,0
41 MEIA MARATONA BELA VISTA COUNTRY CLUB,1682,40,2025,28/09/2025,GASPAR,SC,1,1,1,0
NIGHT RUN 2025 - ETAPA 1 - CAMPO GRANDE,1679,26,2025,28/06/2025,CAMPO GRANDE,MS,1,1,0,0
CORRIDA AMAZONAS SHOPPING 34 ANOS,1670,46,2025,09/11/2025,MANAUS,AM,1,1,0,0
LIVE! RUN XP 2025 - MACEIO,1667,30,2025,20/07/2025,MACEIO,AL,1,1,0,0
19 CORRIDA DO MARMELO DE CIDADE OCIDENTAL,1666,8,2026,21/02/2026,CIDADE OCIDENTAL,GO,0,1,1,0
24 CORRIDA PELA CIDADANIA,1660,51,2025,14/12/2025,SAO PAULO,SP,1,1,1,0
5 CORRIDA DE PREVENCAO AO AVC,1659,44,2025,26/10/2025,FEIRA DE SANTANA,BA,1,1,0,0
CORRIDA REFRIGERANTE MARAJA,1658,35,2025,24/08/2025,VARZEA GRANDE,MT,0,1,0,0
CIRCUITO S RUN EDICAO TERESINA 2025,1652,42,2025,12/10/2025,TERESINA,PI,1,1,0,0
CORRIDA NOTURNA ANIVERSARIO DE DIADEMA 66 ANOS,1651,49,2025,06/12/2025,DIADEMA,SP,1,1,0,0
LIVE! RUN XP 2025 - SAO JOSE DOS CAMPOS,1649,38,2025,14/09/2025,SAO JOSE DOS CAMPOS,SP,1,1,0,0
ECO RUN - PORTO ALEGRE - 2025,1648,29,2025,13/07/2025,PORTO ALEGRE,RS,1,1,0,0
CORRIDA E CAMINHADA TRIGO E SAUDE 7 EDICAO,1647,41,2025,05/10/2025,SAO PAULO,SP,1,1,0,0
1 CORRIDA DO SERVIDOR PUBLICO,1644,45,2025,02/11/2025,MACAPA,AP,1,0,0,0
4 CORRIDA DE RUA DO YACHT,1640,44,2025,26/10/2025,SALVADOR,BA,1,1,1,0
10 MILHAS INTL DE SAO JOAO DE MERITI,1638,35,2025,24/08/2025,SAO JOAO DE MERITI,RJ,0,1,1,0
BIOMAS - PANTANAL - CAMPO GRANDE - 2025,1638,37,2025,07/09/2025,CAMPO GRANDE,MS,1,1,0,0
CIRCUITO DO ACO,1634,46,2025,15/11/2025,FORTALEZA,CE,1,1,0,0
CORRA COM A ROTAM,1634,51,2025,20/12/2025,BELEM,PA,0,1,0,0
4 CORRIDA E CAMINHADA UM SO SANGUE,1633,27,2025,29/06/2025,SAO PAULO,SP,1,1,0,0
LIVE! RUN XP 2025 - JOAO PESSOA,1632,41,2025,05/10/2025,JOAO PESSOA,PB,1,1,1,0
CORRIDA UNIMED 2025 - CAMPINA GRANDE,1630,31,2025,27/07/2025,CAMPINA GRANDE,PB,1,1,1,0
CIRCUITO SESC DE CORRIDAS 2025 - ETAPA SAO CARLOS,1628,48,2025,23/11/2025,SAO CARLOS,SP,1,1,0,0
2 ALLES PARK NIGHT RUN,1628,50,2025,13/12/2025,POMERODE,SC,1,1,0,0
CORRIDA DO PARAQUEDISTA,1626,38,2025,14/09/2025,RIO DE JANEIRO,RJ,1,1,0,0
NOVA ODESSA RUNNING 2025,1625,35,2025,24/08/2025,NOVA ODESSA,SP,1,1,0,0
CIRCUITO DAS ESTACOES 2025 - PRIMAVERA - JACOBINA,1624,41,2025,05/10/2025,JACOBINA,BA,1,1,0,0
CORRIDA OUTUBRO ROSA VALE METAIS BASICOS 2025 - PARAUAPEBAS,1618,43,2025,19/10/2025,PARAUAPEBAS,PA,1,1,0,0
3 CORRIDA DO FOGO - FLORIANOPOLIS,1616,38,2025,20/09/2025,FLORIANOPOLIS,SC,1,1,0,0
SBT SUNSET RUN,1615,39,2025,27/09/2025,BRASILIA,DF,1,1,0,0
EUSEBIO FEST RUN - EDICAO ANIVERSARIO DE 38 ANOS,1613,26,2025,22/06/2025,ABAIARA,CE,1,1,0,0
LIVE! RUN XP 2025 - CAMPINAS I,1611,32,2025,09/08/2025,CAMPINAS,SP,1,1,0,0
SUPER RUN 2025,1610,41,2025,05/10/2025,GOIANIA,GO,1,1,0,0
6 MEIA MARATONA DE ITAJAI,1609,23,2025,01/06/2025,ITAJAI,SC,1,1,1,0
CORRIDA ROCK MUSIC 2025,1607,37,2025,13/09/2025,SANTOS,SP,1,0,0,0
CIRCUITO SESC - ETAPA SOROCABA 2026,1603,7,2026,08/02/2026,SOROCABA,SP,1,1,0,0
1 CORRIDA DO POLICIAMENTO ESPECIALIZADO,1599,41,2025,05/10/2025,JUIZ DE FORA,MG,1,1,0,0
19 CORRIDA DO FOGO,1598,28,2025,06/07/2025,CAMPINA GRANDE,PB,1,1,0,0
RUN ARUJA 2025,1590,38,2025,14/09/2025,ARUJA,SP,1,1,0,0
CIRCUITO MAIS MULHER 2025 - ETAPA 06 - SAO PAULO,1589,42,2025,12/10/2025,SAO PAULO,SP,1,1,0,0
5 OURO VERDE RUN 2026,1589,6,2026,01/02/2026,LAGOA SANTA,MG,0,1,1,0
CORRIDA 62 BI JOINVILLE - 107 ANOS,1583,43,2025,19/10/2025,JOINVILLE,SC,1,1,0,0
X CORRIDA DA OAB,1580,35,2025,24/08/2025,MACAPA,AP,1,1,0,0
CLARO MARATONA DO SOL 2025,1578,33,2025,10/08/2025,VILA VELHA,ES,0,1,1,1
CIRCUITO DE CORRIDAS PAGUE MENOS - 6 ETAPA PAULINIA - 2025,1578,38,2025,20/09/2025,PAULINIA,SP,1,1,0,0
LIVE! RUN XP 2025 - TERESINA,1577,24,2025,08/06/2025,TERESINA,PI,1,1,0,0
CORRIDA DO GIGANTE,1574,40,2025,28/09/2025,ITU,SP,1,0,0,0
CORRIDA DO BOB ESPONJA - PORTO ALEGRE,1572,42,2025,12/10/2025,PORTO ALEGRE,RS,1,0,0,0
CIRCUITO MOOVE ILHA CARIOCA - ETAPA PRAIA DA BICA 2025,1567,49,2025,30/11/2025,RIO DE JANEIRO,RJ,1,0,0,0
CORRIDA MOOVE ILHA CARIOCA - ETAPA PRAIA DA BICA,1567,49,2025,30/11/2025,RIO DE JANEIRO,RJ,1,0,0,0
CHEVROLET GOLDEN RUN 2025 - EDICAO 100 ANOS,1565,34,2025,17/08/2025,SAO CAETANO DO SUL,SP,1,1,0,0
CORRIDA PROMA 2025,1559,50,2025,07/12/2025,JARAGUA DO SUL,SC,1,1,0,0
NIGHT RUN FLORIPA AIRPORT 2025,1557,27,2025,05/07/2025,FLORIANOPOLIS,SC,1,1,0,0
1 CORRIDA FORCE RUN - EDICAO MARINGAPR,1555,4,2026,24/01/2026,MARINGA,PR,1,0,0,0
1 CORRIDA CASA DAS CORREIAS - RUN CDC 2025,1553,43,2025,19/10/2025,MANAUS,AM,1,1,0,0
CORRIDA POSEIDON 7K, 14K E KIDS - 2025,1550,30,2025,20/07/2025,SANTOS,RJ,0,1,0,0
6 MILHAS DA RESERVA - 2025,1549,30,2025,20/07/2025,RIO DE JANEIRO,DF,1,1,0,0
SESC+CORRIDAS   ETAPA CEILANDIA,1544,33,2025,16/08/2025,BRASILIA,SP,1,1,0,0
6 EDICAO COLORS NIGHT RUN | JBX MIND,1544,34,2025,17/08/2025,RIBEIRAO PRETO,SC,1,1,0,0
BLUE RUN FLORIANOPOLIS 2025,1539,25,2025,15/06/2025,FLORIANOPOLIS,AL,1,1,0,0
4 CORRIDAO DA ROTAM,1538,32,2025,03/08/2025,MACEIO,AL,1,1,0,0
CAIXA | CORRIDAS PELO NORDESTE - ARAPIRACA-AL,1537,34,2025,17/08/2025,ARAPIRACA,MG,1,1,0,0
CORRIDA DO PAO DE QUEIJO XODO DE MINAS 2025,1533,53,2025,31/12/2025,CONTAGEM,PR,1,1,0,0
CORRIDA DA VIRADA GUARATUBA 2025,1532,35,2025,24/08/2025,GUARATUBA,BA,1,1,1,0
DESAFIO 15K CASA ESPORTIVA 2025,1531,24,2025,08/06/2025,FEIRA DE SANTANA,MG,1,1,0,0
GIRL POWER 2025 - BELO HORIZONTE,1527,28,2025,06/07/2025,BELO HORIZONTE,SP,1,1,0,0
28 CORRIDA DO BOMBEIRO,1527,29,2025,13/07/2025,SAO PAULO,SC,1,0,0,0
CORRIDA BOB ESPONJA - FLORIANOPOLIS,1526,53,2025,31/12/2025,FLORIANOPOLIS,PR,1,1,0,0
2 CORRIDA DA VIRADA MATINHOS PR,1526,6,2026,01/02/2026,MATINHOS,PR,1,1,1,0
CIRCUITO UNIMED OFF ROAD 2026 - ETAPA 1,1525,51,2025,14/12/2025,LONDRINA,ES,0,1,0,0
2 CORRIDA DA POLICIA PENAL DO ES,1524,48,2025,23/11/2025,VILA VELHA,AL,1,1,1,0
BG RUN- MACEIO ALAGOAS,1519,29,2025,13/07/2025,MACEIO,PR,1,1,1,0
CIRCUITO UNIMED OFF ROAD - ETAPA 2,1510,7,2026,08/02/2026,LONDRINA,SP,1,0,0,0
SUPER BOWL RUN - SAO PAULO,1509,50,2025,07/12/2025,SAO PAULO,SP,1,1,0,0
CORRIDA E CAMINHADA MULHER DETERMINADA - REINO DA CORAGEM,1506,52,2025,27/12/2025,SAO CAETANO DO SUL,SP,1,1,0,0
CORRIDA REVEILLON RUN 2025,1497,31,2025,27/07/2025,SAO PAULO,RN,1,1,1,0
III CORRIDA DO BOPE,1495,47,2025,22/11/2025,NATAL,RR,1,0,0,0
CIRCUITO SESC DE CORRIDAS,1493,4,2026,18/01/2026,BOA VISTA,ES,0,1,0,0
3 CORRIDA PRECO BAIXO FARMACIA,1492,45,2025,02/11/2025,VITORIA,BA,1,1,0,0
BLUE RUN SALVADOR 2025,1489,31,2025,27/07/2025,SALVADOR,GO,1,1,0,0
VILA RUN 2025,1486,48,2025,23/11/2025,GOIANIA,SP,1,1,0,0
ECO RUN - CAMPINAS - 2025,1486,4,2026,24/01/2026,CAMPINAS,RJ,1,0,0,0
ANIVERSARIO DA CIDADE DE NOVA IGUACU - 193 ANOS,1485,40,2025,28/09/2025,NOVA IGUACU,SP,0,1,1,0
HALF MARATHON CIDADE DE SOROCABA,1485,50,2025,07/12/2025,SOROCABA,SP,1,1,0,0
2 CORRIDA DE MARCHI - ACAI SPORT,1484,29,2025,13/07/2025,JUNDIAI,SP,1,1,0,0
SUPER HUMANS - PIRACICABA - 2025,1483,42,2025,12/10/2025,PIRACICABA,RJ,1,1,0,0
GIRL POWER 2025 - RIO DE JANEIRO,1482,4,2026,18/01/2026,RIO DE JANEIRO,BA,1,1,0,0
CLIMINHA RUN,1481,40,2025,28/09/2025,SALVADOR,MT,0,1,1,0
1 CORRIDA DO SEMEADOR,1480,24,2025,08/06/2025,LUCAS DO RIO VERDE,SP,1,1,0,0
EVOQUE RUN 2025 - ETAPA SANTO ANDRE,1480,49,2025,30/11/2025,SANTO ANDRE,RJ,1,1,0,0
CORRIDA E CAMINHADA CONTRA A FOME - ETAPA RIO DE JANEIRO,1478,27,2025,29/06/2025,RIO DE JANEIRO,MT,1,1,0,0
CORRIDA SESC HOMENS DO FOGO,1478,48,2025,23/11/2025,CUIABA,RR,1,1,0,0
CORRIDA SANGUE AZUL PETROLEO DA POLICIA MILITAR DE RORAIMA,1475,26,2025,22/06/2025,BOA VISTA,SP,1,0,0,0
CATS RUN SP 2025,1475,44,2025,26/10/2025,SAO PAULO,MG,1,0,0,0
3 CORRIDA BETIM RUNNERS,1474,52,2025,21/12/2025,BETIM,SP,1,1,1,0
NASHVILLE ROCK'N'RUN 2025,1471,40,2025,04/10/2025,CAMPINAS,PR,1,0,0,0
CORRIDA DO LEGISLATIVO SAO JOSE DOS PINHAIS - EDICAO NOTURNA,1469,35,2025,24/08/2025,SAO JOSE DOS PINHAIS,ES,0,1,0,0
CORRIDA DO SOLDADO CONFIAUTO - ASPRA-ES,1469,42,2025,12/10/2025,VITORIA,PR,0,1,1,0
CORRIDA DA FE - CATEDRAL MARISTA 2025,1467,47,2025,22/11/2025,CASCAVEL,AL,1,1,0,0
CIRCUITO SESC DE CORRIDAS - MACEIO,1462,43,2025,19/10/2025,MACEIO,MA,1,1,0,0
CIRCUITO SESC DE CORRIDAS - SAO LUIS,1459,36,2025,31/08/2025,SAO LUIS,PR,1,1,1,0
10 MILHAS DE MORRETES - 2025,1458,28,2025,06/07/2025,MORRETES,RN,1,1,0,0
CAIXA | CORRIDAS PELO NORDESTE - MOSSORO-RN,1456,36,2025,31/08/2025,MOSSORO,SP,1,1,0,0
CIRCUITO ECO RUN - PINDAMONHANGABA,1455,23,2025,01/06/2025,PINDAMONHANGABA,BA,1,1,0,0
CIRCUITO DESBRAVA CENTAURO 2025,1455,29,2025,13/07/2025,SALVADOR,SP,1,1,0,0
CIRCUITO TRANSFORMAR,1452,49,2025,30/11/2025,MOGI DAS CRUZES,SP,0,1,0,0
8 DESAFIO DO FORTE ITAIPU,1450,50,2025,07/12/2025,PRAIA GRANDE,ES,1,1,0,0
CIRCUITO DAS ESTACOES 2025 - VERAO - VITORIA,1449,39,2025,21/09/2025,VITORIA,SC,0,1,1,0
5 CORRIDA RVB MALHAS 2025,1446,38,2025,14/09/2025,BRUSQUE,SP,1,1,0,0
CORRIDA GOODBOM SUMARE,1446,48,2025,23/11/2025,SUMARE,SP,1,1,0,0
GOOD RUN CAMPINAS 2025,1445,23,2025,01/06/2025,CAMPINAS,CE,1,1,0,0
CORRIDA DA INFANTARIA 2025,1445,46,2025,09/11/2025,FORTALEZA,GO,1,1,1,0
9 CORRIDA SICOOB ENGECRED - 2025,1444,36,2025,31/08/2025,GOIANIA,SP,1,1,0,0
SUSTENTAVEL RUN - CIRCUITO EDP,1442,41,2025,05/10/2025,SAO JOSE DOS CAMPOS,PE,1,1,0,0
VEM PRA RUA - 1 ETAPA IPOJUCA SEDE,1442,50,2025,13/12/2025,IPOJUCA,SP,1,1,0,0
MUSIC RUN,1441,26,2025,22/06/2025,SAO PAULO,SP,1,1,0,0
CORRIDA COPAFER 52 ANOS,1436,38,2025,14/09/2025,MAUA,BA,1,1,0,0
XXXVIII CORRIDA DA AGUIA,1436,40,2025,04/10/2025,SALVADOR,SP,1,1,0,0
MUSIC RUN,1436,47,2025,20/11/2025,SAO PAULO,SP,1,1,0,0
CORRIDA KILOMBO,1433,49,2025,30/11/2025,SAO PAULO,SC,1,1,0,0
RUN FOR CANCER FLORIPA 2025,1433,2,2026,04/01/2026,FLORIANOPOLIS,DF,1,0,0,0
CORRIDA NUMBER ONE,1424,50,2025,07/12/2025,BRASLIA,SC,1,1,1,0
CIRCUITO DE CORRIDAS UNIMED - ETAPA CHAPECO,1420,29,2025,13/07/2025,CHAPECO,SP,0,1,0,0
4 CORRIDA ILK PANTERA NEGRA,1420,37,2025,13/09/2025,SANTOS,DF,1,1,1,0
MEIA MARATONA METROPOLES,1419,29,2025,13/07/2025,BRASILIA,RJ,1,0,0,0
CIRCUITO CASAS PEDRO VIVA MAIS - PARQUE MADUREIRA - RJ,1419,36,2025,06/09/2025,RIO DE JANEIRO,AP,1,0,0,0
1 CORRIDA FLA-MACAPA 5KM 2025,1419,52,2025,21/12/2025,MACAPA,CE,1,1,0,0
CORRIDA DA ADVOCACIA,1417,9,2026,22/02/2026,FORTALEZA,MG,1,1,0,0
CORRIDA MANO DOWN 2026,1415,23,2025,07/06/2025,BELO HORIZONTE,PE,0,0,1,0
XXXVI CORRIDA DA FOGUEIRA - SAO JOAO A GARANHUNS,1415,38,2025,14/09/2025,SAO JOAO,RS,1,1,0,0
CIRCUITO DOS VALES LAJEADO ETAPA INTEGRACAO,1410,50,2025,07/12/2025,LAJEADO,PR,1,0,1,0
15K DE SANTA - VERAO 2025,1409,41,2025,05/10/2025,CURITIBA,SP,1,1,0,0
CIRCUITO DESBRAVA,1408,37,2025,13/09/2025,SAO JOSE DOS CAMPOS,SC,1,1,0,0
CORRIDA BRISAS   EXCLUSIVA PARA MULHERES 2025,1408,48,2025,23/11/2025,BALNEARIO CAMBORIU,SE,1,1,1,0
LIVE! RUN XP 2025 - ARACAJU,1408,51,2025,14/12/2025,ARACAJU,RN,1,1,0,0
4  CORRIDA HISTORICA DE PARNAMIRIM,1402,47,2025,16/11/2025,PARNAMIRIM,SP,1,1,0,0
3 CORRIDA INTERNA DA HONDA,1400,27,2025,29/06/2025,SAO PAULO,GO,1,1,1,0
TRACK&FIELD RUN SERIES 2025 - GOIANIA,1400,43,2025,19/10/2025,GOIANIA,PR,1,1,0,0
9 CORRIDA CAMINHADA GO PINK,1397,42,2025,12/10/2025,LONDRINA,BA,1,1,0,0
CORRIDA DE RUA RECORD BAHIA 2025,1394,27,2025,29/06/2025,SALVADOR,RJ,1,0,0,0
MARICA RUN 2025,1393,32,2025,03/08/2025,RIO DE JANEIRO,SP,0,1,1,0
FRESH RUN SUPER MUFFATO 2025 - SAO JOSE DO RIO PRETO,1392,26,2025,22/06/2025,SAO JOSE DO RIO PRETO,MS,1,1,1,0
LIVE! RUN XP 2025 - CAMPO GRANDE,1392,43,2025,19/10/2025,CAMPO GRANDE,TO,1,1,0,0
CIRCUITO S RUN EDICAO PALMAS 2025,1391,33,2025,10/08/2025,PALMAS,DF,1,0,0,0
FAST RUN 5K BSB,1389,30,2025,20/07/2025,BRASILIA,RN,1,1,0,0
CORRIDA DE SANTANA,1389,36,2025,31/08/2025,CAICO,BA,1,1,0,0
38 CORRIDA DUQUE DE CAXIAS- 2025,1388,24,2025,08/06/2025,JACOBINA,AM,0,1,0,0
3 CORRIDA DO BATALHAO AMBIENTAL - 7KM,1388,37,2025,07/09/2025,MANAUS,SP,1,1,0,0
8 CORRIDA TURISTICA DE JAGUARIUNA,1387,44,2025,26/10/2025,JAGUARIUNA,DF,1,1,0,0
TALK RUN,1386,47,2025,16/11/2025,BRASILIA,BA,1,1,0,0
6 CORRIDA ATACADAO NOVO MIX CAMACARI 2025,1385,37,2025,07/09/2025,CAMACARI,RJ,1,0,0,0
CIRCUITO CORRENDO PELO RIO - 3 ETAPA,1385,53,2025,31/12/2025,RIO DE JANEIRO,SP,1,0,1,0
14 CORRIDA DA VIRADA JOSEENSE 2025,1383,35,2025,30/08/2025,SAO JOSE DOS CAMPOS,SP,1,1,1,0
SABIN RUN,1383,38,2025,14/09/2025,ATIBAIA,GO,1,1,1,0
CIRCUITO ORGULHO DE VIVER - ETAPA SETEMBRO AMARELO,1379,31,2025,27/07/2025,GOIANIA,BA,0,0,1,0
HALF MARATHON SALVADOR ATACADAO,1377,30,2025,20/07/2025,SALVADOR,SE,1,1,0,0
CORRIDA DA AMIZADE 8 EDICAO,1375,52,2025,21/12/2025,NOSSA SENHORA DA GLORIA,BA,1,1,0,0
CIRCUITO CORRIDA EMBASA PRIMAVERA 2025 - ETAPA SALVADOR,1371,31,2025,27/07/2025,SALVADOR,SP,1,1,0,0
TRACK&FIELD RUN SERIES 2025 - PLAZA SUL - JD. BOTANICO,1369,4,2026,24/01/2026,SAO PAULO,ES,0,1,0,0
CORRIDA NOTAER,1367,26,2025,22/06/2025,VITORIA,ES,1,1,0,0
CIRCUITO DAS ESTACOES 2025 - INVERNO - VITORIA,1365,31,2025,27/07/2025,VITORIA,PR,1,1,0,0
LIVE! RUN XP 2025 - CURITIBA,1365,43,2025,19/10/2025,CURITIBA,SC,1,1,0,0
CORRIDA MOVIMENTO ROSA 2025,1364,40,2025,28/09/2025,FLORIANOPOLIS,MT,0,1,0,0
CORRIDA SEBRAE DE EMPREENDEDORES,1364,48,2025,23/11/2025,CUIABA,ES,1,1,0,0
CORRIDA DA CIDADANIA DE VITORIA,1363,47,2025,16/11/2025,VITORIA,PR,1,1,0,0
CIRCUITO DE CORRIDAS SANEPAR 2025 - ETAPA FOZ DO IGUACU,1363,47,2025,16/11/2025,FOZ DO IGUACU,PR,1,1,0,0
CORRIDAS SANEPAR - ETAPA FOZ DO IGUACU,1362,38,2025,14/09/2025,FOZ DO IGUACU,PR,1,1,0,0
FARMACIAS SAO PAULO RUN,1361,33,2025,16/08/2025,MARINGA,SC,1,1,1,0
1 MEIA MARATONA DE NAVEGANTES,1359,7,2026,08/02/2026,NAVEGANTES,PR,0,1,1,0
CORRIDA VERDE - DESAFIO 10 MILHAS - 2026,1358,41,2025,05/10/2025,CURITIBA,BA,0,1,0,0
XL CORRIDA DA ASA,1357,26,2025,22/06/2025,SALVADOR,PR,1,1,0,0
CORRIDA INCRIVEL,1357,42,2025,12/10/2025,CURITIBA,ES,0,1,0,0
CORRIDA HEROIS DO JOGO,1356,33,2025,10/08/2025,VILA VELHA,RJ,1,0,0,0
CIRCUITO RIO MARAVILHA - ETAPA INVERNO,1355,29,2025,19/07/2025,RIO DE JANEIRO,SP,1,1,0,0
CORRIDA E CAMINHADA MULHER DETERMINADA - ETAPA LUA,1355,51,2025,14/12/2025,SAO BERNARDO DO CAMPO,SP,1,1,1,0
RUN 21K - MEIA DA ESTRADA VELHA 2025,1354,39,2025,21/09/2025,SAO BERNARDO DO CAMPO,PR,0,1,1,0
FRESH RUN SUPER MUFFATO 2025 - CASCAVEL,1353,28,2025,12/07/2025,CASCAVEL,RN,1,1,1,0
MEIA DA LUA,1352,9,2026,22/02/2026,PARNAMIRIM,PR,1,1,1,0
HE RUN 2026,1349,48,2025,23/11/2025,LONDRINA,CE,1,1,0,0
2 CORRIDA ENTRE AMIGOS,1348,23,2025,01/06/2025,FORTALEZA,CE,1,1,0,0
CAIXA | CORRIDAS PELO NORDESTE - CRATO-CE,1348,39,2025,21/09/2025,CRATO,PA,1,1,0,0
CORRIDA FENOMENO AZUL,1347,28,2025,06/07/2025,BELEM,RJ,1,0,0,0
CIRCUITO MOOVE ILHA CARIOCA - ETAPA GUANABARA 2025,1346,44,2025,26/10/2025,RIO DE JANEIRO,SP,1,1,0,0
CIRCUITO DE CORRIDAS PAGUE MENOS - 7 ETAPA MOGI GUACU - 2025,1340,44,2025,26/10/2025,MOGI GUACU,SP,1,0,0,0
AVENIDA FEST RUN ETAPA ASSIS SP,1340,44,2025,26/10/2025,ASSIS,SP,1,0,0,0
CIRCUITO AVENIDA FEST RUN - ETAPA ASSIS,1339,6,2026,01/02/2026,ASSIS,PR,1,0,1,0
11 DESAFIO ROTA DO VINHO,1337,44,2025,26/10/2025,BITURUNA,PA,1,1,0,0
CORRIDA DO EMPRESARIO 2025 - ACIP,1336,39,2025,21/09/2025,PARAUAPEBAS,ES,1,1,0,0
CIRCUITO DAS ESTACOES 2025 - PRIMAVERA - VITORIA,1336,40,2025,04/10/2025,VITORIA,DF,1,1,0,0
PINK FOR LIFE RUN 2025,1336,46,2025,15/11/2025,BRASILIA,BA,1,1,0,0
3 RONDESP SUL NIGHT RUN,1335,49,2025,30/11/2025,ILHEUS,SP,1,0,0,0
AERO RUN 2025 - ETAPA RIBEIRAO PRETO | 2 EDICAO,1334,31,2025,27/07/2025,RIBEIRAO PRETO,PE,1,1,0,0
6 EDICAO DA CORRIDA CRAZY RUNNERS,1334,31,2025,27/07/2025,CARUARU,BA,1,1,0,0
CORRIDA ROTA 30 ANOS,1331,33,2025,10/08/2025,ITABUNA,DF,0,1,1,0
MEIA MARATONA CBCR - 2025,1330,24,2025,08/06/2025,BRASILIA,SP,1,1,0,0
BLUE RUN JUNDIAI 2025,1330,49,2025,30/11/2025,JUNDIAI,PE,1,0,0,0
3 CORRIDA EX SEDENTARIOS,1329,5,2026,25/01/2026,IGARASSU,RJ,1,1,1,1
MARATONA DUQUE DE CAXIAS,1328,26,2025,22/06/2025,DUQUE DE CAXIAS,SP,1,1,0,0
NUTRISPORTY RUNNING,1327,32,2025,03/08/2025,UBATUBA,MT,1,1,0,0
CIRCUITO DAS ESTACOES 2025 - INVERNO - CUIABAA,1326,47,2025,16/11/2025,CUIABA,RS,1,1,0,0
NETSHOES RUN - PORTO ALEGRE,1322,32,2025,03/08/2025,PORTO ALEGRE,MG,1,1,0,0
CIRCUITO S RUN EDICAO UBERLANDIA 2025,1319,45,2025,02/11/2025,UBERLANDIA,RJ,1,0,0,0
MOV ENEL - NITEROI - 2025,1318,37,2025,13/09/2025,NITEROI,MT,1,0,0,0
13*CORRIDA PELA VIDA,1317,43,2025,19/10/2025,CUIABA,SP,1,1,0,0
CORRIDA E CAMINHADA MULHER DETERMINADA - REINO DOS SONHOS,1312,36,2025,06/09/2025,SAO BERNARDO DO CAMPO,CE,1,0,0,0
CIRCUITO SUNSET RUN - ETAPA SOBRAL,1311,30,2025,20/07/2025,SOBRAL,RS,1,1,0,0
CIRCUITO DOS VALES 2025 - 3 ETAPA,1309,35,2025,24/08/2025,WESTFALIA,SP,1,1,0,0
ECO RUN PIRACICABA - 2025,1303,38,2025,14/09/2025,PIRACICABA,PE,0,1,1,0
CORRIDA DO VINHO 2025,1302,31,2025,27/07/2025,LAGOA GRANDE,MG,1,1,0,0
HOSPITAL SANTA ROSALIA APRESENTA RUSTICA DO SANTA,1302,43,2025,19/10/2025,TEOFILO OTONI,SC,1,1,0,0
7 CORRIDA RUSTICA DO 2  BATALHAO DE POLICIA MILITAR FRONTEIRA/UNO,1302,43,2025,19/10/2025,CHAPECO,SC,1,1,0,0
7 CORRIDA RUSTICA POLICIA MILITAR/UNOCHAPECO,1296,33,2025,10/08/2025,CHAPECO,RS,1,1,0,0
BIOMAS - PAMPA - PORTO ALEGRE - 2025,1294,31,2025,27/07/2025,PORTO ALEGRE,MA,1,1,1,0
CORRIDA SAO LUIS 2025,1293,23,2025,01/06/2025,SAO LUIS,RJ,1,0,0,0
BORA CORRER 50 ANOS COMLURB,1292,44,2025,26/10/2025,RIO DE JANEIRO,RS,1,1,0,0
5 CAMINHADA E CORRIDA DA SAUDE,1292,3,2026,17/01/2026,CAXIAS DO SUL,SC,1,1,0,0
2 CORRIDA DOS BOMBEIROS VOLUNTARIOS DE NAVEGANTES,1291,51,2025,14/12/2025,NAVEGANTES,SC,1,1,0,0
CIRCUITO S RUN EDICAO BLUMENAU 2025,1291,53,2025,31/12/2025,BLUMENAU,MA,1,1,0,0
CORRIDA DA VIRADA,1289,44,2025,26/10/2025,PORTO FRANCO,RJ,1,0,0,0
CORRIDA SEST SENAT - SG,1289,46,2025,15/11/2025,SAO GONCALO,DF,1,1,1,0
DIA A DIA SUNSET RUN,1288,41,2025,05/10/2025,BRASILIA,SP,0,1,1,0
1 CORRIDA DO 6 BAEP,1284,29,2025,13/07/2025,SAO BERNARDO DO CAMPO,SP,1,0,1,0
MEIA MARATONA INTERNACIONAL DE RIBEIRAO PRETO - 2025,1284,47,2025,16/11/2025,RIBEIRAO PRETO,SP,1,0,0,0
AIRPORT RUN PRESIDENTE PRUDENTE,1282,45,2025,02/11/2025,PRESIDENTE PRUDENTE,DF,1,1,1,0
BSB HALF MARATHON 2025   SPEED CHALLENGE,1275,35,2025,24/08/2025,BRASILIA,SP,1,1,0,0
CORRIDA DO EXPEDICIONARIO - FEB,1275,42,2025,12/10/2025,SAO PAULO,BA,1,1,1,0
TRACK&FIELD EXPERIENCE 2025 - SALVADOR | CORRIDA DA ADVOCACIA,1275,53,2025,31/12/2025,SALVADOR,SP,0,1,0,0
45 CORRIDA DE SANTO ONOFRE,1270,31,2025,27/07/2025,ARARAQUARA,RJ,1,1,0,0
CORRIDA DO CHOQUE 2025,1270,45,2025,02/11/2025,RIO DE JANEIRO,CE,1,0,0,0
3 CORRIDA DA POLICIA RODOVIARIA FEDERAL - PRF-CE,1270,50,2025,07/12/2025,FORTALEZA,PE,1,1,0,0
CIRCUITO DESBRAVA - JABOATAO DOS GUARARAPES,1267,43,2025,19/10/2025,JABOATAO DOS GUARARAPES,PR,0,1,0,0
IV CORRIDA SOLIDARIA REDE FEMININA DE COMBATE AO CANCER,1265,40,2025,28/09/2025,MARINGA,PR,1,1,0,0
GELOBEL RUN 2025,1265,41,2025,05/10/2025,LONDRINA,PE,1,1,0,0
CORRIDA BRIGADEIRO EDUARDO GOMES 2025,1263,29,2025,13/07/2025,RECIFE,MT,1,1,1,0
TRACK&FIELD RUN SERIES 2025 - SHOPPING ESTACAO CUIABAA,1262,32,2025,03/08/2025,CUIABA,CE,1,1,0,0
2 CORRIDA POLICIA PENAL DO CEARA,1261,32,2025,03/08/2025,FORTALEZA,MA,1,1,0,0
CIRCUITO BANCO DO BRASIL - SAO LUIS,1261,32,2025,03/08/2025,SAO LUIS,RN,1,1,0,0
ECO RUN - MOSSORO - 2025,1261,33,2025,10/08/2025,MOSSORO,SP,1,1,0,0
CORRIDA PONTE 10K 2025,1260,45,2025,08/11/2025,CAMPINAS,RS,1,1,0,0
9 SICREDI NIGHT RUN 2025,1257,50,2025,07/12/2025,TEUTONIA,PA,1,1,0,0
TRACK&FIELD EXPERIENCE 2025 - BELEM | ECONOMICO,1255,35,2025,24/08/2025,BELEM,SC,1,1,0,0
4  CORRIDA DOS ANJOS,1254,36,2025,06/09/2025,ITAJAI,SE,1,1,0,0
WE CAN RUN REDE PRIMAVERA 2025,1254,38,2025,20/09/2025,ARACAJU,SC,1,1,0,0
3 DESAFIO DROGARIA CATARINENSE,1254,50,2025,07/12/2025,JOINVILLE,MT,1,1,0,0
CIRCUITO DAS ESTACOES 2025 - VERAO - CUIABAA,1251,24,2025,14/06/2025,CUIABA,SC,1,1,0,1
PEDRA BRANCA NIGHT RUN,1250,32,2025,09/08/2025,PALHOCA,SC,1,1,0,0
NIGHT RUN JOINVILLE,1249,25,2025,15/06/2025,JOINVILLE,SC,0,1,1,0
MEIA MARATONA QUIRIRI,1248,47,2025,16/11/2025,JOINVILLE,SP,1,1,1,0
1 CORRIDA BOTAFOGO RUN 21K 2025,1247,38,2025,14/09/2025,RIBEIRAO PRETO,SP,1,1,0,0
ROTARY RUN,1241,37,2025,07/09/2025,GUARULHOS,RJ,1,1,0,0
CENTAURO DESBRAVA ETAPA RIO DE JANEIRO,1241,39,2025,21/09/2025,RIO DE JANEIRO,SE,1,1,0,0
BOM BOM RUN 2025,1240,44,2025,01/11/2025,ESTANCIA,GO,1,1,0,0
SUNSET FOOD RUN 2025,1239,25,2025,15/06/2025,GOIANIA,DF,0,1,0,0
8 CORRIDA DO GARI,1239,41,2025,05/10/2025,BRASILIA,MG,1,1,0,0
CORRIDA FARID 2025 - ETAPA ITABIRITO,1237,34,2025,17/08/2025,ITABIRITO,SP,1,0,0,0
VIII PROVA PEDESTRE E CAMINHADA DA SAUDE UNESP/ASSIS,1237,51,2025,14/12/2025,ASSIS,MG,0,1,0,0
CORRIDA DE BETIM 87 ANOS,1236,51,2025,20/12/2025,BETIM,SC,1,0,0,0
NOEL NIGHT RUN - CHAPECO - SC,1235,49,2025,30/11/2025,CHAPECO,PR,1,1,0,0
CIRCUITO S RUN EDICAO LONDRINA 2025,1233,24,2025,08/06/2025,LONDRINA,SP,1,1,0,0
CORRIDA DO BAEP,1233,46,2025,15/11/2025,SAO PAULO,RJ,0,1,1,1
WTR SERRA DO MAR 2025,1232,45,2025,02/11/2025,PETROPOLIS,PR,0,1,1,0
CIRCUITO UNIMED OFF ROAD - ETAPA 3,1232,50,2025,13/12/2025,LONDRINA,GO,1,1,0,0
CORRIDA DO PAPAI NOEL 2025,1230,23,2025,07/06/2025,GOIANIA,GO,1,1,0,0
CIRCUITO JUNINO,1228,44,2025,26/10/2025,GOIANIA,PR,1,1,0,0
16 CORRIDA E CAMINHADA COMPLEXO ISPON,1225,31,2025,27/07/2025,PONTA GROSSA,BA,1,1,0,0
CIRCUITO DAS ESTACOES 2025 - INVERNO - JACOBINA,1224,29,2025,13/07/2025,JACOBINA,BA,1,1,1,0
8 CORRIDA DO DRAGAO 2025,1222,33,2025,10/08/2025,CAMACARI,PR,1,1,0,0
1 CORRIDA PEDESTRE DO 30 BPM LONDRINA PR,1221,36,2025,31/08/2025,LONDRINA,MG,1,1,0,0
CORRIDA DA GUARDA CIVIL MUNICIPAL DE BELO HORIZONTE,1221,48,2025,23/11/2025,BELO HORIZONTE,RS,1,1,0,0
CIRCUITO DOS VALES ETAPA CANTO CORAL,1220,39,2025,21/09/2025,TEUTONIA,PR,1,1,0,0
CONDOR RUNNING ETAPA MARINGA 2025,1220,51,2025,14/12/2025,MARINGA,PR,1,1,1,0
9 CORRIDA UNIMED CASCAVEL - 2025,1219,41,2025,05/10/2025,CASCAVEL,ES,1,0,0,0
1 CORRIDA DA SOEA - EDICAO CAPIXABA,1218,29,2025,13/07/2025,VILA VELHA,SC,1,1,0,0
CONDOR RUNNING - ETAPA JOINVILLE 2025,1216,30,2025,20/07/2025,JOINVILLE,RO,1,1,0,0
1 CORRIDA DA PRF-RO,1213,32,2025,09/08/2025,PORTO VELHO,SC,1,1,1,0
MEIA MARATONA ILHA DA MAGIA NIGHT RUN FLORIANOPOLIS - 2025,1213,41,2025,05/10/2025,ABDON BATISTA,SP,1,1,0,0
CARDIO CAZAMIGA,1207,44,2025,26/10/2025,JUNDIAI,SP,0,1,0,0
CORRIDA DAS FLORES 2025,1207,50,2025,07/12/2025,HOLAMBRA,GO,1,1,0,0
CIRCUITO DAS ESTACOES 2025 - VERAO - GOIANIA,1206,7,2026,08/02/2026,GOIANIA,PR,1,0,0,0
CORRIDA DE RUA DA FESTA DA UVA 2026 - COLOMBO/PR,1205,39,2025,21/09/2025,COLOMBO,ES,1,1,0,0
CORRIDA E CAMINHADA SEST/SENAT - ETAPA CACHOEIRO DE ITAPEMIRIM,1205,40,2025,28/09/2025,CACHOEIRO DE ITAPEMIRIM,ES,1,1,0,0
CORRIDA E CAMINHADA SEST SENAT CACHOEIRO DE ITAPEMIRIM,1205,41,2025,11/10/2025,CACHOEIRO DE ITAPEMIRIM,PA,0,1,0,0
TATICO RUN,1205,43,2025,19/10/2025,SANTAREM,SP,1,0,0,0
3 CORRIDA KAZAMIGAS PIRACICABA,1205,51,2025,14/12/2025,PIRACICABA,RJ,1,1,0,0
IV CORRIDA DO ENGENHEIRO,1204,32,2025,09/08/2025,MACAE,PB,1,1,0,0
CIRCUITO DE CORRIDAS DE RUA DA ADVOCACIA - ETAPA JOAO PESSOA,1203,50,2025,07/12/2025,JOAO PESSOA,RS,1,1,0,0
CIRCUITO S RUN EDICAO NOVO HAMBURGO 2025,1203,53,2025,31/12/2025,NOVO HAMBURGO,PB,1,1,1,0
CORRIDA DA VIRADA 2025-2026,1198,29,2025,13/07/2025,JOAO PESSOA,DF,1,1,0,0
CENTAURO DESBRAVA BRASILIA,1197,37,2025,07/09/2025,BRASILIA,ES,1,0,0,0
CORRIDA MULHER EM FORMA,1195,46,2025,09/11/2025,VILA VELHA,AL,1,1,0,0
AVANT ATACAREJO- 2 EDICAO- PALMEIRA DOS INDIOS - ALAGOAS,1193,38,2025,14/09/2025,PALMEIRA DOS INDIOS,PE,1,1,0,0
9 CORRIDA DE ANIVERSARIO DOS AMIGOS DO ASFALTO,1192,41,2025,05/10/2025,ITAPISSUMA,PE,1,0,0,0
CORRIDA GRANADO PINK RECIFE 2025,1190,40,2025,28/09/2025,RECIFE,SC,1,1,0,0
1 CORRE RD FLORIPA,1189,47,2025,16/11/2025,FLORIANOPOLIS,SP,1,1,0,0
ECO RUN - INDAIATUBA - 2025,1188,29,2025,13/07/2025,INDAIATUBA,SP,1,1,1,0
CORRIDA SAO VICENTE MEIA MARATONA DE SOROCABA,1186,36,2025,31/08/2025,SOROCABA,PR,1,1,0,0
BLUE RUN - PINHAIS - 2025,1185,29,2025,13/07/2025,PINHAIS,PE,1,0,1,0
CORRIDA RUSTICA INTERNACIONAL DO AGRONEGOCIO 2025,1185,39,2025,21/09/2025,PETROLINA,PB,1,0,0,0
CORRIDA PELA PAZ NO TRANSITO - JOAO PESSOA,1183,25,2025,15/06/2025,JOAO PESSOA,BA,1,1,0,0
3 CORRIDA MOVIMENTO,1182,40,2025,28/09/2025,SALVADOR,SC,1,1,1,1
3 MARATONA E 8 MEIA MARATONA CRICIUMA 2025,1181,47,2025,16/11/2025,CRICIUMA,PR,0,1,0,0
CORRIDA E CAMINHADA MAE DO ROCIO - PADROEIRA DO PARANA,1180,35,2025,24/08/2025,PARANAGUA,DF,1,0,0,0
FOOD RUN BRASILIA - 2025,1178,9,2026,22/02/2026,BRASILIA,SP,1,1,1,0
RUN 21K - MEIA DE PERUIBE 2026,1177,6,2026,01/02/2026,PERUIBE,SP,0,1,1,0
STORM RUN SUMMER EDITION 2026,1173,38,2025,14/09/2025,SAO PAULO,PR,1,1,0,0
TRACK&FIELD RUN SERIES 2025 - PARKSHOPPINGBARIG I,1166,38,2025,14/09/2025,CURITIBA,PR,1,1,0,0
ECO RUN - LONDRINA - 2025,1165,27,2025,05/07/2025,LONDRINA,PI,1,0,0,0
DESAFIO PIRACURUCA RUN,1157,47,2025,16/11/2025,PIRACURUCA,SC,1,1,0,0
4 CORRIDA ALFA,1156,23,2025,07/06/2025,CHAPECO,SP,0,1,0,0
RUN FOR NIGHT RUN 2025,1156,48,2025,29/11/2025,PIRACICABA,RJ,1,1,1,0
XTERRA BUZIOS 2025,1155,23,2025,07/06/2025,ARMACAO DOS BUZIOS,SP,1,1,1,0
XTERRA ILHABELA 2025,1155,5,2026,25/01/2026,ILHABELA,GO,1,1,1,0
3 CORRIDA SENAR GOIAS - 2026,1154,43,2025,19/10/2025,GOINIA,ES,0,1,0,0
CORRIDA SANTA RITA,1153,30,2025,26/07/2025,VITORIA,RN,1,1,0,0
CIRCUITO DAS ESTACOES 2025 - INVERNO - NATAL,1152,51,2025,14/12/2025,NATAL,GO,1,1,0,0
4 CORRIDA DA JUSTICA TJGO,1151,37,2025,13/09/2025,GOIANIA,RJ,1,0,0,0
4 EU ESCOLHO VIVER SOLIDARIA - CORRIDA E CAMINHADA,1144,24,2025,08/06/2025,RIO DE JANEIRO,MT,1,0,0,0
4 CORRIDA ESTADUAL DE COMBATE AO TRABALHO ESCRAVO,1144,31,2025,02/08/2025,CUIABA,MT,1,0,0,0
BRAVOS FAST NIGHT RUN,1140,35,2025,24/08/2025,VARZEA GRANDE,CE,1,1,0,0
4 CORRIDA AGECEF,1140,37,2025,13/09/2025,FORTALEZA,BA,1,1,0,0
AN RUN - ALAGOINHAS NIGHT RUN 2025,1137,49,2025,30/11/2025,ALAGOINHAS,TO,1,1,1,0
MEIA MARATONA DA POLICIA FEDERAL | TOCANTINS,1137,49,2025,30/11/2025,PALMAS,TO,1,1,1,0
MEIA MARATONA POLICIA FEDERAL,1136,37,2025,13/09/2025,PALMAS,GO,1,1,0,0
CIRCUITO DAS ESTACOES 2025 - PRIMAVERA - GOIANIA,1136,38,2025,14/09/2025,GOIANIA,PB,1,1,0,0
CIRCUITO MUSIC RUN - ETAPA ROCK,1136,53,2025,30/12/2025,JOAO PESSOA,SC,1,0,0,0
13 BC CELEBRATION BEACH RUNNING,1135,36,2025,31/08/2025,BALNEARIO CAMBORIU,PR,0,1,1,0
FRESH RUN SUPER MUFFATO 2025 - MARINGA,1135,39,2025,21/09/2025,MARINGA,SP,1,1,0,0
CIRCUITO DESBRAVA,1135,43,2025,19/10/2025,INDAIATUBA,RJ,1,0,0,0
RIO MARAVILHA - ETAPA PRIMAVERA 2025,1134,50,2025,13/12/2025,RIO DE JANEIRO,SE,1,1,0,0
CORRIDA DO FOGO,1130,36,2025,31/08/2025,ARACAJU,SP,1,1,0,0
1 CORRE CORINTHIANS,1130,43,2025,19/10/2025,SAO PAULO,RO,1,1,0,0
3 CORRIDA DA DEMOCRACIA - ALERO,1129,44,2025,26/10/2025,PORTO VELHO,RJ,0,1,0,0
CORRIDA E CAMINHADA OUTUBRO ROSA NOVEMBRO AZUL,1128,39,2025,21/09/2025,MACAE,SC,1,1,0,0
CIRCUITO DE CORRIDAS UNIMED - ETAPA BLUMENAU,1128,48,2025,29/11/2025,BLUMENAU,SC,1,1,0,0
CIRCUITO DE CORRIDAS DA ADVOCACIA CATARINENSE 2025 | ETAPA 4 | NEO MUSIC NIGHT RUN,1128,48,2025,29/11/2025,BRUSQUE,SC,1,1,0,0
NEON MUSIC RUN - BRUSQUE 2025,1126,25,2025,15/06/2025,BRUSQUE,PR,1,0,1,0
16 CORRIDA DA POLICIA MILITAR,1125,46,2025,09/11/2025,FOZ DO IGUACU,RS,1,1,0,0
CORRIDA PELA VIDA,1123,36,2025,31/08/2025,PORTO ALEGRE,AL,1,1,0,0
PARQUE SHOPPING RUN 2025 - MACEIO ALAGOAS,1122,45,2025,02/11/2025,MACEIO,SP,1,1,1,0
TRACK&FIELD EXPERIENCE 2025 - SAO JOSE DOS CAMPOS,1121,35,2025,24/08/2025,SAO JOSE DOS CAMPOS,SC,1,1,0,0
CORRIDA E CAMINHADA MOVIMENTO COOPER   ETAPA BLUMENAU,1120,31,2025,27/07/2025,BLUMENAU,MT,1,1,0,0
CIRCUITO PRF RUN 2025,1120,50,2025,07/12/2025,CUIABA,TO,1,1,1,0
MEIA MARATONA DO TOCANTINS,1117,30,2025,20/07/2025,PALMAS,SP,0,1,0,0
6 EU MULHER - CORRIDA 6 KM E CAMINHADA 3 KM,1116,44,2025,26/10/2025,SAO PAULO,MT,1,0,0,0
9. CORRIDA DO SERVIDOR 2025,1116,50,2025,07/12/2025,CUIABA,PR,1,1,0,0
CONDOR RUNNING ETAPA PARANAGUA - 2025,1115,38,2025,14/09/2025,PARANAGUA,PR,0,1,0,0
CORRIDA CIDADE PONTA GROSSA,1114,47,2025,16/11/2025,PONTA GROSSA,ES,1,1,0,0
CORRIDA DA POLICIA FEDERAL,1114,51,2025,14/12/2025,VILA VELHA,PR,1,0,1,0
CORRIDA RUSTICA VERDE OLIVA | CORRIDA & POEIRA & SUPERACAO,1112,49,2025,30/11/2025,SAO JOSE DOS PINHAIS,DF,1,1,1,0
MEIA MARATONA DA POLICIA FEDERAL DE BRASILIA - EDICAO NACIONAL,1111,24,2025,08/06/2025,BRASILIA,ES,1,0,1,0
CORRIDA MEDSENIOR 2025,1111,45,2025,08/11/2025,VITORIA,AL,1,1,0,0
9 CORRIDA TRT AL - TRABALHO SEGURO,1108,33,2025,10/08/2025,MACEIO,SC,1,1,0,0
CIRCUITO UNIMED 2025 - ETAPA JOINVILLE,1107,38,2025,14/09/2025,JOINVILLE,DF,0,1,0,0
CORRIDA COSTA ATACADAO BRASILIA,1107,47,2025,16/11/2025,BRASILIA,PE,1,1,0,0
CORRIDA CIRCUITO UNIMED ETAPA CARUARU,1104,23,2025,01/06/2025,CARUARU,SP,1,1,0,0
4 CORRIDA DO PAULISTA,1104,35,2025,24/08/2025,JUNDIAI,SP,1,1,0,0
ECO RUN - ITATIBA - 2025,1104,50,2025,07/12/2025,ITATIBA,PR,1,1,1,0
LIVE! RUN XP 2025 - FOZ DO IGUACU,1103,30,2025,20/07/2025,FOZ DO IGUACU,PB,1,1,0,0
CIRCUITO MUSIC RUN - ETAPA SAMBA,1103,42,2025,12/10/2025,JOAO PESSOA,RN,1,1,0,0
CIRCUITO DAS ESTACOES 2025 - PRIMAVERA - NATAL,1102,36,2025,31/08/2025,NATAL,PE,1,1,0,0
1 CORRIDA GCM SCC,1102,6,2026,01/02/2026,SANTA CRUZ DO CAPIBARIBE,SE,1,1,0,0
VERAO SERGIPE - ETAPA ARACAJU,1100,44,2025,26/10/2025,ARACAJU,SP,1,1,0,0
10 UNIMED RUN 2025,1099,37,2025,07/09/2025,SAO JOSE DOS CAMPOS,MG,1,1,0,0
6 CORRIDA VIASHOPPING,1098,48,2025,23/11/2025,BELO HORIZONTE,PE,0,1,1,0
ASICS RUN CHALLENGE - ETAPA RECIFE,1093,47,2025,16/11/2025,RECIFE,SP,1,1,0,0
DISCOVERY ZOO RUN,1093,9,2026,22/02/2026,SAO PAULO,PR,1,0,0,0
FREEWAY RUN,1092,48,2025,23/11/2025,MARINGA,PB,1,1,0,0
CIRCUITO MUSIC RUN - ETAPA AXE,1090,32,2025,03/08/2025,JOAO PESSOA,RJ,0,1,1,0
II MEIA MARATONA DE PETROPOLIS,1089,29,2025,13/07/2025,PETROPOLIS,SP,1,1,0,0
2 CORRIDA E CAMINHADA SONHAR ACORDADO,1089,29,2025,13/07/2025,JUNDIAI,CE,1,1,0,0
2 CORRIDA PURO.ACAI,1088,50,2025,13/12/2025,FORTALEZA,PR,1,0,0,0
1 CORRIDA DO NOEL,1086,47,2025,16/11/2025,MARINGA,SP,1,1,0,0
TRACK&FIELD EXPERIENCE 2025 - MAXI SHOPPING JUNDIAI,1085,22,2025,31/05/2025,JUNDIAI,DF,1,1,0,0
BLACK NIGHT RUN,1085,45,2025,02/11/2025,BRASILIA,GO,1,1,0,0
AURA RUN,1085,45,2025,02/11/2025,GOIANIA,GO,1,1,0,0
AURA RUN 2025,1084,40,2025,28/09/2025,GOIANIA,CE,1,1,0,0
CIRCUITO SESC DE CORRIDAS - ETAPA SOBRAL,1083,23,2025,01/06/2025,SOBRAL,MG,1,1,0,0
2 MATER RUN - 45 ANOS REDE MATER DEI,1083,27,2025,29/06/2025,BELO HORIZONTE,SP,1,0,0,0
ENDORFINA RUN - SANTO ANDRE SP,1082,37,2025,07/09/2025,SANTO ANDRE,GO,1,1,0,0
CORRIDA COSTA ATACADAO 2025,1081,43,2025,19/10/2025,GOIANIA,CE,1,0,0,0
MINIONS RUN - FORTALEZA,1080,43,2025,19/10/2025,FORTALEZA,BA,1,1,0,0
5 VOLTA DA UEFS,1079,36,2025,31/08/2025,FEIRA DE SANTANA,MG,1,1,1,0
LIVE! RUN XP 2025 - UBERLANDIA,1079,50,2025,07/12/2025,UBERLANDIA,SC,1,0,0,0
HO HO RUN | 4 EDICAO,1078,36,2025,31/08/2025,JOINVILLE,RJ,1,0,0,0
CORRIDA TAMOIO 2025,1078,9,2026,22/02/2026,NITEROI,PR,0,1,1,0
7 CORRIDA ZERO ACUCAR,1077,42,2025,18/10/2025,CASCAVEL,SE,1,1,0,0
11 CORRIDA OUTUBRO ROSA,1077,46,2025,09/11/2025,ARACAJU,BA,1,1,0,0
4 CORRIDA DO BEPE - 2025,1077,48,2025,23/11/2025,SALVADOR,SP,1,0,0,0
5 CORRIDA HOPI HARI,1076,25,2025,15/06/2025,VINHEDO,MG,1,0,0,0
CORRENDO PELA PAZ,1076,49,2025,30/11/2025,ITAUNA,PR,0,1,0,0
ROTARY RUN MARINGA,1074,31,2025,27/07/2025,MARINGA,SP,1,1,0,0
CIRCUITO SESC DE CORRIDAS 2025 - ETAPA CATANDUVA,1073,28,2025,06/07/2025,SAO PAULO,RN,1,1,1,0
CORRIDA SOLDADOS DO FOGO 2025,1073,48,2025,29/11/2025,NATAL,PR,1,1,0,0
II CORRIDA DO CHOQUE,1072,51,2025,20/12/2025,PONTA GROSSA,SP,1,0,0,0
PONTE ESTAIADA 5K 2025,1071,41,2025,05/10/2025,SAO BERNARDO DO CAMPO,SC,1,1,0,0
5 CORRA POR ELAS - 2025,1071,43,2025,19/10/2025,BRUSQUE,RJ,0,1,1,0
MEIA MARATONA DO CRISTO 2025,1070,46,2025,09/11/2025,RIO DE JANEIRO,RS,1,1,1,0
PARKSHOPPING CANOAS,1069,36,2025,31/08/2025,CANOAS,RJ,1,1,0,0
CARIOCA FAMILY RUN 2025 - ETAPA COPACABANA,1068,31,2025,27/07/2025,RIO DE JANEIRO,AL,0,1,0,0
2 CORRIDA GUERREIROS DA CAATINGA,1068,44,2025,26/10/2025,PIRANHAS,MG,1,1,0,0
HASKELL NA PISTA,1067,28,2025,06/07/2025,VICOSA,GO,1,1,0,0
LINQ MONSTAR RUN 2025,1067,38,2025,19/09/2025,GOIANIA,PE,1,1,0,0
PNZ NIGHT RUN,1067,48,2025,23/11/2025,PETROLINA,RJ,0,1,1,0
CIRCUITO XRUN - 3 ETAPA,1067,52,2025,27/12/2025,MACAE,SP,1,1,0,0
75 CORRIDA INTERNACIONAL DE BRODOWSKI SP,1067,53,2025,31/12/2025,BRODOWSKI,SC,1,0,1,0
CORRIDA DA VIRADA 2025,1064,4,2026,18/01/2026,FLORIANOPOLIS,SP,1,0,1,0
MEIA MARATONA VISTA ALEGRE,1063,40,2025,28/09/2025,ITAPETININGA,SC,1,1,0,0
LIVE! RUN XP 2025 - JARAGUA DO SUL,1063,42,2025,12/10/2025,JARAGUA DO SUL,SC,1,1,0,0
CORRIDA PELA VIDA 2025 - JOINVILLE-SC,1062,34,2025,17/08/2025,JOINVILLE,SP,1,1,1,1
DESAFIO DA FLORESTA,1062,41,2025,05/10/2025,RIO CLARO,ES,1,1,0,0
CORRIDA EXTRABOM 2025 - ETAPA DA SERRA,1060,31,2025,27/07/2025,SERRA,SP,0,1,0,0
CORRIDA TURISTICA DE HOLAMBRA 2025,1058,27,2025,29/06/2025,HOLAMBRA,SC,1,1,1,0
SANTOS DUMONT - ESTILO DO CORPO 21K 2025,1056,9,2026,22/02/2026,BRUSQUE,MT,1,0,0,0
5. CORRIDA ESTADUAL CONTRA O TRABALHO ESCRAVO,1054,48,2025,23/11/2025,CUIABA,PB,1,1,1,0
5 CORRIDA DO ABACAXI,1053,31,2025,27/07/2025,SAPE,SP,1,1,0,0
LIVE! RUN XP 2025 - JUNDIAI,1053,47,2025,16/11/2025,JUNDIAI,PR,1,1,0,0
3 CORRIDA DE RUA SOLIDARIA UNIFATECIE,1053,51,2025,20/12/2025,PARANAVAI,RN,1,1,0,0
CIRCUITO DAS ESTACOES 2025 - VERAO - NATAL,1053,52,2025,21/12/2025,NATAL,PE,1,0,0,0
CORRENDO COM CESAR,1051,33,2025,16/08/2025,IGARASSU,DF,1,1,0,0
SUPER SUNSET RUN,1051,40,2025,29/09/2025,BRASILIA,BA,1,0,0,0
CORRIDA DA TRANSALVADOR 2025,1049,27,2025,29/06/2025,SALVADOR,PR,1,1,1,0
CORRIDA DO 13 BIB,1048,5,2026,25/01/2026,CURITIBA,SP,0,1,0,0
9 CORRIDA DA FLORESTA ETAPA ASSIS SP,1047,41,2025,05/10/2025,ASSIS,PE,1,1,0,0
PEDROSA RUN 2025,1046,24,2025,08/06/2025,TIMBAUBA,PR,1,1,0,0
CORRIDA DAS NACOES,1046,49,2025,06/12/2025,MARINGA,BA,1,1,0,0
MAGIC NIGHT RUN 2025.,1045,31,2025,27/07/2025,FEIRA DE SANTANA,MG,1,1,0,0
CORRIDA RUSTICA SANTA TEOFILO OTONI,1045,40,2025,28/09/2025,TEOFILO OTONI,PB,1,1,0,0
CIRCUITO CAIXA CORRIDAS PELO NORDESTE - PATOS,1045,4,2026,18/01/2026,PATOS,BA,1,1,0,0
CORRIDA CORRE CRISTAO 2026,1044,4,2026,18/01/2026,SALVADOR,GO,1,1,0,0
CIRCUITO PGE-GO 2026,1042,35,2025,24/08/2025,GOINIA,SP,1,1,0,0
TRACK&FIELD RUN SERIES 2025 - PARQUE SHOPPING MAIA,1040,37,2025,13/09/2025,GUARULHOS,BA,1,1,0,0
TRACK&FIELD RUN SERIES 2025 - SHOPPING PARALELA - NIGHT,1040,7,2026,14/02/2026,SALVADOR,PI,1,0,0,0
PIRA RUN FOLIA,1036,28,2025,06/07/2025,PIRACURUCA,PR,1,1,0,0
CIRCUITO SESC DE CORRIDAS - CURITIBA,1036,3,2026,11/01/2026,CURITIBA,SP,0,1,0,0
9 CORRIDA RUSTICA INDAIATUBA,1035,30,2025,20/07/2025,INDAIATUBA,SE,1,1,1,0
MEIA MARATONA DO PARQUE,1034,37,2025,07/09/2025,ARACAJU,SC,1,1,1,0
MEIA MARATONA GUARDA DO EMBAU 2025,1034,42,2025,12/10/2025,PALHOCA,SP,1,1,0,0
DELTA RUNNING 2025,1034,4,2026,18/01/2026,PIRACICABA,PR,1,1,0,0
CORRIDAS SANEPAR 2026 - ETAPA GUARATUBA,1033,28,2025,09/07/2025,GUARATUBA,SP,1,1,0,0
CORRIDA KAZAMIGAS - ETAPA ITU,1033,43,2025,19/10/2025,ITU,PA,1,1,0,0
ATACADAO RUNNING - 1 EDICAO,1033,47,2025,16/11/2025,BELEM,SP,1,1,0,0
1 CORRIDA DO BOMBEIRO CEL OLIVEIRA JUNIOR,1032,40,2025,28/09/2025,TAUBATE,DF,1,1,1,0
CORRIDA SICOOB BRASILIA,1032,51,2025,14/12/2025,BRASILIA,DF,1,1,1,0
21K ERMIDA-TORRE DE TV 2025,1031,28,2025,06/07/2025,BRASILIA,ES,1,1,0,0
CORRIDA EXTRABOM 2025,1027,42,2025,12/10/2025,VITORIA,SP,1,1,0,0
5 CORRIDA E CAMINHADA CORRENDO COM SAMUEL,1026,44,2025,26/10/2025,SAO BERNARDO DO CAMPO,MG,1,1,0,0
CIRCUITO CORPO DOS BOMBEIROS,1025,34,2025,23/08/2025,POUSO ALEGRE,PB,1,0,0,0
BEATS RUN SUNSET 2025,1024,38,2025,14/09/2025,JOAO PESSOA,BA,1,0,0,0
FESTIVAL ODONTO RUN - SALVADOR - 2025,1024,40,2025,28/09/2025,SALVADOR,MG,1,1,0,0
CORRIDA E CAMINHADA SEST SENAT JUIZ DE FORA,1024,5,2026,25/01/2026,JUIZ DE FORA,SP,0,1,0,0
MAZZA RUN 6K - ETAPA VERAO,1022,25,2025,15/06/2025,SANTO ANDRE,PA,1,0,0,0
1 CORRIDA ONG O SOL NASCE PARA TODOS,1022,28,2025,12/07/2025,ITAITUBA,PA,0,1,0,0
CROSS URBANO CAIXA - ETAPA BELEM,1022,35,2025,24/08/2025,BELEM,MG,1,1,0,0
TRACK&FIELD RUN SERIES 2025 - INHOTIM,1021,29,2025,13/07/2025,BRUMADINHO,SC,1,0,1,0
21K BC - 2025 MEIA MARATONA DE ANIVERSARIO DE BALNEARIO CAMBORIU,1021,29,2025,13/07/2025,BALNEARIO CAMBORIU,GO,1,1,0,0
3 CORRIDA DO COOPERATIVISMO - COOPERATIVAS CONSTROEM UM MUNDO MELHOR,1019,40,2025,28/09/2025,GOIANIA,SP,1,1,0,0
6 CORRIDA UNIMED SAO CARLOS,1018,50,2025,07/12/2025,SAO CARLOS,SC,1,1,0,0
3 CORRIDA AMIGOS DA SAUDE,1016,51,2025,14/12/2025,SAO BENTO DO SUL,TO,1,1,0,0
CIRCUITO DAS ESTACOES 2025 - VERAO - PALMAS,1013,28,2025,06/07/2025,PALMAS,MT,1,1,1,0
LIVE! RUN XP 2025 - CUIABAA,1011,24,2025,08/06/2025,CUIABA,SP,1,1,0,0
TRACK&FIELD RUN SERIES 2025 - VILLALOBOS II,1010,41,2025,05/10/2025,SAO PAULO,AL,1,1,0,0
CIRCUITO ABYS 2025 - SHOPPING PATIO MACEIO,1007,41,2025,05/10/2025,MACEIO,CE,1,1,0,0
CORRA POR UMA CAUSA COM ZELIA DUNCAN,1007,5,2026,25/01/2026,FORTALEZA,ES,1,0,0,0
CIRCUITO SOL & MAR,1007,8,2026,21/02/2026,VILA VELHA,SC,1,1,0,0
2 CORRIDA SOLIDARIA - CASA BIEL,1006,39,2025,21/09/2025,NAVEGANTES,AL,1,1,0,0
GUUD RUN,1005,46,2025,09/11/2025,MACEIO,CE,0,0,1,0
7 MEIA MARATONA COMETA,1005,50,2025,07/12/2025,FORTALEZA,PE,1,1,0,0
2 CORRIDA MT RUNNERS CARUARU,1004,33,2025,10/08/2025,CARUARU,AP,1,0,0,0
II CORRIDA DA ESCOLA MILITAR AFONSO ARINOS,1003,44,2025,26/10/2025,SANTANA,SP,1,1,0,0
TRACK&FIELD EXPERIENCE 2025 - TIETE PLAZA SHOPPING,1001,48,2025,23/11/2025,SAO PAULO,BA,1,1,0,0
CIRCUITO 100 ANOS SAUDE 2025,1000,5,2026,31/01/2026,SALVADOR,GO,1,0,0,0
CIRCUITO DO BEM   10 ANOS GOIANIA RUNNERS - 2026,999,39,2025,21/09/2025,GOINIA,TO,1,1,0,0
CIRCUITO DAS ESTACOES 2025 - PRIMAVERA - PALMAS,997,37,2025,07/09/2025,PALMAS,BA,1,1,0,0
2 PLASTIC RUN,996,7,2026,08/02/2026,CAMACARI,BA,0,1,0,0
CARNA RUN 2026,995,46,2025,09/11/2025,SALVADOR,SP,0,1,1,0
TRACK&FIELD EXPERIENCE 2025 - CAMPINAS | CAMBUI,994,23,2025,07/06/2025,CAMPINAS,SP,1,1,0,0
1 CORRIDA BOTAFOGO NIGHT RUN 2025,994,49,2025,30/11/2025,RIBEIRAO PRETO,RJ,1,0,0,0
CORRIDA MOVIMENTA QUEIMADOS,993,40,2025,28/09/2025,RIO DE JANEIRO,SP,1,1,1,0
V MEIA MARATONA MONGAGUA,992,26,2025,28/06/2025,MONGAGUA,MT,1,0,0,0
CORRIDA DO MEIO AMBIENTE,991,30,2025,20/07/2025,LUCAS DO RIO VERDE,MT,1,1,0,0
1 CORRIDA DE RUA TOP VG - 2025,987,33,2025,16/08/2025,CUIABA,SP,1,0,0,0
CIRCUITO SUNSET RUN - ETAPA BOTUCATU,986,36,2025,31/08/2025,BOTUCATU,SP,1,1,0,0
CORRIDA UNIMED JUNDIAI - 17 EDICAO,985,30,2025,20/07/2025,JUNDIAI,SC,1,1,1,0
MEIA MARATONA 21 BPM SC 2025,985,38,2025,14/09/2025,FLORIANOPOLIS,SP,1,1,0,0
TRACK&FIELD EXPERIENCE 2025 - PRAIA GRANDE,984,40,2025,28/09/2025,PRAIA GRANDE,MS,1,1,0,0
TRACK&FIELD EXPERIENCE 2025 - RUNNING | SHOPPING CAMPO GRANDE,984,7,2026,14/02/2026,CAMPO GRANDE,SP,1,0,0,0
VIKINGS RUN 2026,983,35,2025,24/08/2025,ESPORTE CLUBE PIRACICABANO DE AUTOMOBILISMO: PIRACICABA,SE,1,1,0,0
XXV CORRIDA DUQUE DE CAXIAS,983,38,2025,14/09/2025,ARACAJU,SP,1,1,0,0
CORRIDA PERNAS DA ALEGRIA 2025,981,30,2025,20/07/2025,AMERICANA,SC,1,1,0,0
CORRIDA CDL BLUMENAU 2025,981,34,2025,17/08/2025,BLUMENAU,MT,1,0,0,0
CORRIDA DE INVERNO,980,40,2025,28/09/2025,LUCAS DO RIO VERDE,RJ,1,0,0,0
CIRCUITO MOOVE ILHA CARIOCA - ETAPA RIBEIRA,980,40,2025,04/10/2025,RIO DE JANEIRO,GO,1,1,0,0
CORRIDA FOLLOW 2025,978,9,2026,22/02/2026,GOIANIA,SP,1,0,1,0
CORRIDA VERAO SPS RUN 2026,976,35,2025,24/08/2025,SOROCABA,SP,1,1,1,0
SOROCABA SPEED RUN EVOLUTION EDITION,976,36,2025,31/08/2025,SOROCABA,PB,1,1,0,0
TRACK&FIELD EXPERIENCE 2025 - RUNNING CAMPINA GRANDE | CAMPESTRE,975,43,2025,19/10/2025,CAMPINA GRANDE,ES,1,0,1,0
MEIA MARATONA DOS REIS MAGOS,974,27,2025,29/06/2025,SERRA,SP,1,1,0,0
BRAGANCA 10K - ROCK RUN3,973,41,2025,05/10/2025,BRAGANCA PAULISTA,MA,1,1,0,0
6 CORRIDA DO TRIBUNAL DE JUSTICA DO MARANHAO   SAO LUIS,972,23,2025,01/06/2025,SAO LUIS,SP,1,0,1,0
MEIA MARATONA RUSTICA DE PORTO FELIZ,971,44,2025,26/10/2025,PORTO FELIZ,TO,1,1,0,0
7 CORRIDA DA JUSTICA DA ACESSIBILIDADE E INCLUSAO - TJTO,971,5,2026,25/01/2026,PALMAS,SP,1,0,0,0
CORRIDA DE VERAO ITANHAEM 2026,970,45,2025,02/11/2025,ITANHAEM,PI,1,1,0,0
BIOMAS - CAATINGA - TERESINA - 2025,970,5,2026,25/01/2026,TERESINA,SC,1,1,0,0
2 CORRIDA DE SAO JOSE,969,9,2026,22/02/2026,RIO NEGRINHO,SC,1,1,1,0
4 MEIA MARATONA ANIMI SERRA CATARINENSE,968,46,2025,09/11/2025,LAGES,PE,0,1,0,0
HB RUN,968,48,2025,23/11/2025,GARANHUNS,PR,1,0,1,0
MEIA MARATONA CLAUDIO PETRYCOSKI,967,23,2025,01/06/2025,PATO BRANCO,RJ,1,0,0,0
DREAM RUN,966,26,2025,28/06/2025,RIO DE JANEIRO,SP,1,1,1,0
AERO RUN 2025 - ETAPA FRANCA,966,43,2025,19/10/2025,FRANCA,DF,1,1,0,0
CIRCUITO DE RUA DO DF ETAPA PLANO PILOTO,966,46,2025,09/11/2025,BRASILIA,SP,1,1,1,0
SOROCABA SPEED RUN PERFORMANCE EDITION,965,34,2025,17/08/2025,SOROCABA,GO,1,1,0,0
3 EDICAO SAUDE EM MOVIMENTO - CORRER TAMBEM E TRADICAO,964,38,2025,14/09/2025,GOIANIA,PA,1,0,0,0
3 CORRIDA E CAMINHADA PELA VIDA,964,47,2025,22/11/2025,PARAUAPEBAS,PI,1,1,0,0
CORRIDA EQUATORIAL - TERESINA,963,23,2025,01/06/2025,TERESINA,DF,1,1,1,0
CORRIDA PREVENCIONISTA & CAMINHADA DA PREVENCAO   6 EDICAO   BRASILIA,963,30,2025,20/07/2025,BRASILIA,ES,1,1,0,0
CIRCUITO SEST SENAT DE CAMINHADA E CORRIDA DE RUA - 2025,963,45,2025,02/11/2025,VILA VELHA,PA,0,1,0,0
CORRIDA DO ACO 2025,960,30,2025,26/07/2025,MARABA,MT,0,1,0,0
3 CORRIDA GUARDIAO CENTENARIO,959,43,2025,19/10/2025,CUIABA,PE,1,1,0,0
4 CHOQUE RUNNING,959,47,2025,16/11/2025,RECIFE,GO,1,1,0,0
CAVALHADA RUN DO SEST SENAT - LUZIANIA,956,26,2025,22/06/2025,LUZIANIA,SC,1,0,1,0
VI MEIA MARATONA TIMBO,955,40,2025,28/09/2025,TIMBO,BA,1,1,0,0
CORRIDA SAUDE CRONICA FUNDACAO JOSE SILVEIRA,954,43,2025,19/10/2025,SALVADOR,SP,1,1,0,0
APAE OFEBAS RUN - CENTRO HISTORICO,953,27,2025,29/06/2025,SOROCABA,PR,1,0,0,0
CIRCUITO PROCORRER DE CORRIDA - 2 ETAPA - IGUACU 106 ANOS,953,46,2025,09/11/2025,CURITIBA,MG,1,1,0,0
10 CORRIDA UNIMED ITAU POWER SHOPPING,952,40,2025,28/09/2025,CONTAGEM,PE,1,0,0,0
4 CORRIDA MONTE BOM JESUS,950,23,2025,01/06/2025,CARUARU,MT,1,0,0,0
4 BRAVO RUSTIC RUN - CORRIDA DE OBSTACULOS,950,28,2025,06/07/2025,VARZEA GRANDE,PR,1,0,0,0
5 GM RUN ARAPONGAS,950,38,2025,14/09/2025,ARAPONGAS,MG,1,1,0,0
ENCONTRO DELAS - 28 EDICAO,948,35,2025,24/08/2025,BELO HORIZONTE,SP,1,1,0,0
CIRCUITO TRANSFORMAR - ETAPA CAMPINAS,948,50,2025,07/12/2025,CAMPINAS,SP,1,1,0,0
S10 RUN,947,44,2025,26/10/2025,SAO PAULO,PB,1,1,1,0
10 MILHAS TRT13 - COMBATE AO TRABALHO INFANTIL - 2025,946,28,2025,06/07/2025,JOAO PESSOA,DF,1,1,0,0
CORRIDA 20 ANIVERSARIO DO SIA,945,22,2025,31/05/2025,BRASILIA,SP,1,1,0,0
7 CORRIDA EU SOU UMA DIVA,945,24,2025,08/06/2025,SUZANO,RJ,1,0,0,0
9  ANIVERSARIO CORREDORES CRISTAOS - 5K CORRIDA E CAMINHADA SOLIDARIA,945,30,2025,20/07/2025,NILOPOLIS,BA,1,1,1,0
MEIA MARATONA MAGIC PRINCESA DO SERTAO 2025,945,3,2026,11/01/2026,FEIRA DE SANTANA,MG,1,1,0,0
CIRCUITO DO FOGO - 14 EDICAO,945,6,2026,01/02/2026,BELO HORIZONTE,PR,1,1,0,0
CORRIDAS SANEPAR 2026 - ETAPA MATINHOS,943,50,2025,07/12/2025,MATINHOS,SP,1,1,0,0
CORINTHIANS RUN - ETAPA SAO PAULO ZL,940,37,2025,13/09/2025,SAO PAULO,PE,0,1,0,0
BEM ESTAR RUNNING,940,42,2025,12/10/2025,SANTA CRUZ DO CAPIBARIBE,MG,1,1,1,0
TRACK&FIELD EXPERIENCE 2025 - RUNNING | BOULEVARD SHOPPING,938,47,2025,16/11/2025,BELO HORIZONTE,PR,0,1,0,0
COOP RUN,936,24,2025,08/06/2025,MARINGA,SE,1,1,1,0
CORRIDA UNIMED SERGIPE 2025,935,40,2025,28/09/2025,ARACAJU,RR,1,0,0,0
CORRIDA GAVIAO 22 ANOS,934,39,2025,27/09/2025,BOA VISTA,SP,1,0,0,0
3 SANTOS NIGHT RUN,934,45,2025,08/11/2025,SANTOS,SC,1,1,0,0
SICREDI NIGHT RUN 2025,934,47,2025,16/11/2025,JOINVILLE,SP,1,1,0,0
MUSIC RUN CUBATAO,932,53,2025,31/12/2025,CUBATAO,RS,1,1,0,0
5 MILHAS DA VIRADA,930,44,2025,26/10/2025,PORTO ALEGRE,DF,1,1,0,0
2 CORRIDA DA INTEGRALIDADE,930,50,2025,07/12/2025,BRASILIA,BA,0,1,0,0
CORRIDA HIPERIDEAL - PRAIA DO FORTE,928,28,2025,12/07/2025,MATA DE SAO JOAO,MT,0,1,1,0
CIRCUITO ULTRAMACHO - TOROARI,927,40,2025,28/09/2025,CUIABA,SP,1,1,0,0
CORRIDA E CAMINHADA CEPAP RUN,926,39,2025,21/09/2025,DIADEMA,PR,1,0,1,0
5 CORRIDA HEROIS DA RPA,925,25,2025,15/06/2025,CURITIBA,PE,0,1,1,0
1 CORRIDA SOBRAL RUN,925,43,2025,19/10/2025,GARANHUNS,SP,0,1,0,0
3 CORRIDA DA FLORESTA - ETAPA TEODORO SAMPAIO,925,43,2025,19/10/2025,TEODORO SAMPAIO,SP,0,1,0,0
3 CORRIDA DA FLORESTA ETAPA TEODORO SAMPAIO SP,925,49,2025,30/11/2025,TEODORO SAMPAIO,MT,0,1,1,0
CIRCUITO ULTRAMACHO - CAMPO VERDE,924,39,2025,27/09/2025,CUIABA,PR,1,0,0,0
SPRING NEON NIGHT RUN,924,51,2025,14/12/2025,PATO BRANCO,SP,0,1,0,0
CORRIDA ANIVERSARIO DA CIDADE DE JUNDAI 2025,922,34,2025,17/08/2025,JUNDIAI,PB,1,0,0,0
CORRIDA DA VITORIA,921,48,2025,23/11/2025,GUARABIRA,PA,0,1,0,0
CORRIDA OKAJIMA,921,49,2025,30/11/2025,CASTANHAL,GO,1,1,0,0
CORRIDA FAMILIA GLOSSY 2025,920,32,2025,09/08/2025,GOIANIA,ES,1,0,0,0
CIRCUITO DA LUA - ETAPA LUA CHEIA,920,35,2025,24/08/2025,VITORIA,RJ,1,1,0,0
PLAZA RUNNING,920,50,2025,07/12/2025,NITEROI,BA,1,1,0,0
CORRIDA FALCAO 2025,919,46,2025,09/11/2025,ALAGOINHAS,SC,1,1,0,0
CIRCUITO CORRIDAS DO BEM SESI SAUDE - ETAPA ITAJAI,918,40,2025,28/09/2025,ITAJAI,PR,1,1,0,0
CORRIDA FAST RUN 2025,918,43,2025,19/10/2025,FOZ DO IGUACU,SC,1,1,0,0
CIRCUITO ANGELONI 2025 - ETAPA SAO JOSE,916,33,2025,10/08/2025,SAO JOSE,RJ,1,1,0,0
18 CORRIDA DA PADROEIRA DE CABO FRIO,916,35,2025,24/08/2025,CABO FRIO,SP,1,1,1,0
TBT21K 2025 - MEIA MARATONA DE TAUBATE,914,36,2025,31/08/2025,TAUBATE,SP,1,1,0,0
6 CORRIDA E CAMINHADA OAB,914,51,2025,14/12/2025,PRESIDENTE PRUDENTE,AM,1,1,0,0
MILLENNIUM EM MOVIMENTO,913,36,2025,31/08/2025,MANAUS,SP,1,1,0,0
6 CORRIDA PEDESTRE E CAMINHADA DA OAB DE PRESIDENTE PRUDENTE SP,913,41,2025,11/10/2025,PRESIDENTE PRUDENTE,PR,1,1,0,0
6 CORRIDA NOTURNA GMA - EDICAO ESPECIAL PATRULHA MARIA DA PENHA,913,46,2025,09/11/2025,ARAUCARIA,MG,1,1,0,0
CAMINHADA E CORRIDASEST SENAT POCOS DE CALDAS/MG,913,2,2026,04/01/2026,POCOS DE CALDAS,SP,1,0,0,0
1 CORRIDA OFF ROAD DE VARPA,912,35,2025,24/08/2025,VARPA,TO,1,1,0,0
I CORRIDA DO BOPE,911,29,2025,19/07/2025,PALMAS,TO,1,1,0,0
TRACK&FIELD RUN SERIES 2025 - CCR AEROPORTOS - PALMAS,911,41,2025,05/10/2025,PALMAS,SP,0,1,0,0
CORRIDA VERA CRUZ 2025,909,49,2025,30/11/2025,CAMPINAS,CE,1,1,0,0
1 RUN UNINTA - 2025,907,49,2025,30/11/2025,SOBRAL,AM,1,1,0,0
CORRIDA DO COMERCIARIO 2025,907,4,2026,18/01/2026,MANAUS,PB,1,1,0,0
VIBE RUN BEACH 2026,906,34,2025,17/08/2025,PITUMBU,SC,1,1,0,0
CORRIDA POLICIA CIVIL - SAO JOSE SC 2025,905,29,2025,19/07/2025,SAO JOSE,SP,1,0,0,0
7 NIGHT RUN DAS AGUAS,905,43,2025,19/10/2025,AGUAS DE LINDOIA,RS,1,1,0,0
CIRCUITO DESBRAVA,905,48,2025,23/11/2025,PORTO ALEGRE,PR,1,1,0,0
LEC RUN 2025,904,28,2025,06/07/2025,LONDRINA,SE,1,1,0,0
1 CORRIDA CORRE SIRI,904,32,2025,03/08/2025,NOSSA SENHORA DO SOCORRO,SP,1,1,0,0
ARAMACAN RUN FELIZ FARMA 10K E 5K,904,39,2025,27/09/2025,SANTO ANDRE,PR,0,1,0,0
I CORRIDA NOTURNA ROTAM 9BPM,902,27,2025,05/07/2025,MATINHOS,DF,1,1,0,0
8 CORRIDA DE OLHO NA SAUDE,901,37,2025,13/09/2025,BRASILIA,RS,1,1,1,0
LIGA RUN,898,4,2026,18/01/2026,PORTO ALEGRE,PA,1,0,0,0
CORRIDA DA DESTRO 25 ANOS,897,39,2025,21/09/2025,PARAGOMINAS,SP,1,1,1,0
MEIA MARATONA ALPACK 2025,896,46,2025,09/11/2025,BAURU,BA,1,0,0,0
7 CORRIDA COLORIDA MARTAGAO GESTEIRA,896,50,2025,07/12/2025,SALVADOR,RJ,1,1,1,0
LIVE! RUN XP 2025 - NITEROI,894,32,2025,03/08/2025,NITEROI,SC,1,1,0,0
UNIMED CRICIUMA 2025,894,48,2025,29/11/2025,CRICIUMA,PR,1,0,0,0
2  EDICAO CORRE APUCARANA,894,48,2025,29/11/2025,APUCARANA,PR,1,0,0,0
CORRE APUCARANA - 2 EDICAO,894,48,2025,29/11/2025,APUCARANA,RJ,1,1,0,0
VOU SUAR!,893,39,2025,21/09/2025,NITEROI,SP,0,1,0,0
CORRIDA E CAMINHADA GOTAS EFICIENTES,893,46,2025,09/11/2025,SAO BERNARDO DO CAMPO,SP,1,1,0,0
BRAZ CUBAS RUNNING,893,46,2025,15/11/2025,MOGI DAS CRUZES,SP,0,1,0,0
CORRIDA FRANCISCO BUENO,891,28,2025,06/07/2025,GUARAREMA,SP,0,1,1,0
2 MEIA MARATONA,891,35,2025,24/08/2025,BAURU,PA,0,1,0,0
2 CORRIDA ROTA275 RUNNERS - 7K,890,29,2025,13/07/2025,PARAUAPEBAS,MG,1,1,0,0
MILWAUKEE RUN RIDE WE 2025,890,33,2025,10/08/2025,BELO HORIZONTE,SP,1,1,0,0
CHOCO RUN,890,49,2025,30/11/2025,SAO PAULO,PA,1,1,0,0
CIRCUITO DESBRAVA,890,5,2026,25/01/2026,BELEM,PR,1,1,1,0
TF EXPERIENCE LONDRINA 2026,888,32,2025,03/08/2025,LONDRINA,SC,1,1,1,0
MEIA MARATONA DE CHAPECO 2024,888,32,2025,03/08/2025,CHAPECO,SC,1,1,1,0
MEIA MARATONA DE CHAPECO 2025,886,29,2025,13/07/2025,CHAPECO,DF,1,0,0,0
CATS RUN DF 2025,885,38,2025,14/09/2025,BRASILIA,SP,1,1,1,0
TRACK&FIELD EXPERIENCE 2025 - RUNNING BAURU SHOPPING | 10 MILHAS,883,27,2025,29/06/2025,BAURU,SP,1,1,0,0
94 CORRIDA SAO JOAO,882,41,2025,05/10/2025,VOTORANTIM,PR,1,0,0,0
UEM RUN,881,32,2025,03/08/2025,MARINGA,BA,1,1,0,0
CORRIDA HIPERIDEAL - FEIRA DE SANTANA,878,28,2025,06/07/2025,FEIRA DE SANTANA,SE,1,1,0,0
CIRCUITO DAS ESTACOES 2025 - INVERNO - ARACAJU,878,37,2025,07/09/2025,ARACAJU,ES,1,1,0,0
CORRIDA DOS METALURGICOS,877,24,2025,08/06/2025,VITORIA,PA,1,0,0,0
1 CORRIDA JUNINA - 2025,876,42,2025,18/10/2025,CANAA DOS CARAJAS,CE,1,1,0,0
2 CORRIDA E CAMINHADA DO TJCE,876,50,2025,13/12/2025,FORTALEZA,MG,1,1,0,0
CORRIDA DE RUA DO RENASCER NATALINO,875,33,2025,15/08/2025,PATOS DE MINAS,PA,1,1,0,0
I CORRIDA DO GRAESP,875,9,2026,22/02/2026,BELEM,AP,1,0,0,0
2 CORRIDA FLA MACAPA 2025,874,37,2025,08/09/2025,MACAPA,PR,1,0,0,0
2CORRIDA ALCANCE RUN,874,39,2025,21/09/2025,CURITIBA,CE,1,1,0,0
CIRCUITO DE CORRIDAS DE RUA DE MARACANAU - 3 ETAPA,873,36,2025,31/08/2025,MARACANAU,SC,1,1,0,0
CIRCUITO UNIMED 2025 - ETAPA ITAJAI,873,41,2025,11/10/2025,ITAJAI,MG,1,1,1,0
XTERRA - MINA DE AGUAS CLARAS,873,43,2025,19/10/2025,NOVA LIMA,SP,0,1,0,0
2 CORRIDA DO 13 BAEP,873,46,2025,09/11/2025,BAURU,PA,0,1,0,0
1 CORRIDA CEL. FONTOURA - CPR XIV - PARAUAPEBAS 2025,872,39,2025,21/09/2025,PARAUAPEBAS,PB,1,1,0,0
ATACAMIX RUN,871,42,2025,12/10/2025,SAPE,ES,0,1,0,0
CORRIDAS UNIMED - CIRCUITO VITORIA 2025,871,3,2026,11/01/2026,VITORIA,ES,0,1,0,0
8 CORRIDA PALETITAS,870,24,2025,14/06/2025,PIUMA,PR,1,0,0,0
1 NIGHT RUN 10 BPM,870,34,2025,23/08/2025,APUCARANA,DF,0,1,0,0
QUATRO PODERES RUN 2025,870,4,2026,18/01/2026,BRASILIA,SP,1,0,0,0
CORRIDA ZEFERINA MARIA BRASILEIRA,867,38,2025,20/09/2025,SERTAOZINHO,GO,1,1,0,0
CORRIDA PLAY RUN 2025,867,51,2025,14/12/2025,GOIANIA,SC,1,1,0,0
FIGUEIRA RUN 2025,866,31,2025,27/07/2025,FLORIANOPOLIS,BA,1,1,0,0
CORRIDA COMPREBEM SUPERMERCADO,866,39,2025,27/09/2025,ALAGOINHAS,MG,1,1,1,0
XTERRA MINA DE AGUAS CLARAS 2025,866,40,2025,28/09/2025,NOVA LIMA,SP,1,0,0,0
DIVAS RUN,866,42,2025,12/10/2025,SANTO ANDRE,SC,1,1,0,0
CORRIDA DE PRAIA DE NAVEGANTES - PORTONAVE,866,44,2025,01/11/2025,NAVEGANTES,DF,1,1,0,0
COLABORA GOV,865,4,2026,18/01/2026,BRASILIA,SP,0,1,0,0
2 SUMMER RUN - BARUERI ALPHAVILLE 2026,863,25,2025,15/06/2025,BARUERI,PA,0,1,0,0
3 CORRIDA DE ANIVERSARIO BEMFIT - 7KM,863,25,2025,21/06/2025,PARAUAPEBAS,SP,1,0,0,0
5 CORRIDA DO ORGULHO LGBT+,862,43,2025,19/10/2025,SAO PAULO,PB,1,0,0,0
CORRIDA DO FOGO CBMPB-GBA,861,24,2025,08/06/2025,GUARABIRA,PR,1,0,1,0
EVOLUA EM MOVIMENTO ETAPA FRANCISCO BELTRAO 2025,861,9,2026,22/02/2026,FRANCISCO BELTRAO,PA,1,0,0,0
AP RUN 2026 - 1 ETAPA,860,5,2026,25/01/2026,BELEM,SC,1,1,1,0
SUMMER RUN PALHOCA 2026,859,23,2025,07/06/2025,PALHOCA,SC,1,0,0,0
LOVE RUN BC,858,38,2025,14/09/2025,BALNEARIO CAMBORIU,SP,1,1,0,0
10 CORRIDA KM RUNNER,858,39,2025,21/09/2025,ARACATUBA,PA,0,1,0,0
2 CORRIDA DROGARIA MAXI POPULAR CASTANHAL- PA,858,51,2025,14/12/2025,CASTANHAL,AL,1,0,0,0
2 TRAIPU RUN 2025,858,51,2025,14/12/2025,TRAIPU,ES,1,1,0,0
CORRIDA DANI-SE VOU CORRER 2025,858,5,2026,25/01/2026,VITORIA,SP,1,1,0,0
6 SUMMER RUN ETAPA SAO PAULO 2026,857,46,2025,15/11/2025,SAO PAULO,PE,1,1,0,0
CORRIDA EU AMO GRAVATA - 1 NIGHT RUN,856,51,2025,14/12/2025,GRAVATA,BA,0,1,1,0
CORRIDA DA PONTE - ILHEUS BAHIA,855,23,2025,07/06/2025,ILHEUS,PR,1,0,0,0
F NIGHT RUN,855,35,2025,24/08/2025,PATO BRANCO,GO,1,1,0,0
CORRIDA COPE,854,38,2025,14/09/2025,GOIANIA,SP,1,0,0,0
3 CORRIDA VIVA LA VIDA,853,50,2025,07/12/2025,PIRACICABA,SP,0,1,0,0
3 CORRIDA UNITAU 7K,853,51,2025,14/12/2025,TAUBATE,SP,1,1,0,0
TRACK&FIELD EXPERIENCE 2025 - PARQUE CERET II,852,23,2025,01/06/2025,SAO PAULO,SP,1,0,1,0
DROGAMAX RUN - 4 EDICAO,852,40,2025,04/10/2025,ARACATUBA,RR,1,1,0,0
CORRIDA AUDACIA RUN,848,40,2025,04/10/2025,BOA VISTA,SP,0,1,0,0
7 NIGHT RACE - ITANHAEM,848,41,2025,05/10/2025,ITANHAEM,RR,1,1,0,0
CORRIDA BEMOL RUN 2025 - BOA VISTA,848,51,2025,14/12/2025,BOA VISTA,PB,1,1,0,0
CAMPINA BIG RUN 2025,847,41,2025,11/10/2025,CAMPINA GRANDE,MG,1,1,0,0
1 CORRIDA NOTURNA IMPERIO 007 OUTLET,846,44,2025,26/10/2025,SETE LAGOAS,GO,1,1,0,0
LUPO SPORT CORRE GOIANIA,846,44,2025,26/10/2025,GOIANIA,GO,1,1,0,0
LUPO SPORT CORRE GOIANIA - 2025,845,47,2025,16/11/2025,GOIANIA,BA,1,1,0,0
CORRIDA SEST SENAT ETAPA SALVADOR,845,47,2025,16/11/2025,SALVADOR,SP,1,0,0,0
TRIVITT RUN,843,47,2025,22/11/2025,SAO PAULO,AP,1,0,0,0
7 CORRIDA DO ALTO DO MOURA DESAFIO BOMBEIRO DE BARRO, ANO 2025,843,49,2025,30/11/2025,CARUARU,SP,1,1,0,0
1 CORRIDA DO FLAMENGUISTA,842,46,2025,09/11/2025,MACAPA,PA,0,1,0,0
BIBLE STREET RUN,841,43,2025,19/10/2025,BARUERI,BA,0,1,1,0
6 EDICAO DA CORRIDA DO CIRIO,841,47,2025,16/11/2025,PARAGOMINAS,SP,1,1,0,0
NORDESTE SAUDE - 15 CORRIDA DOS MEDICOS,841,51,2025,14/12/2025,SALVADOR,RJ,1,1,0,0
LUPO SPORT CORRE ARARAQUARA,841,7,2026,10/02/2026,ARARAQUARA,PR,0,1,0,0
1 CORRIDA E CAMINHADA PELO HOSPITAL PEDIATRICO DA UFRJ (IPPMG),840,40,2025,28/09/2025,RIO DE JANEIRO,SE,1,1,0,0
CORRIDA DO ANIVERSARIO DE ARAUCARIA 136 ANOS,839,36,2025,31/08/2025,ARAUCARIA,DF,0,1,1,0
CIRCUITO DAS ESTACOES 2025 - PRIMAVERA - ARACAJU,839,38,2025,14/09/2025,ARACAJU,PA,0,1,0,0
1 CORRIDA DO FEIRANTE,838,28,2025,06/07/2025,BRASILIA,MG,0,1,1,0
CIRCUITO SESC DE CORRIDA 2025 - ETAPA MARABA,838,40,2025,04/10/2025,MARABA,SE,1,0,0,0
CIRCUITO DE RUA SALVE O PLANETA - ETAPA ONCA-PINTADA,837,27,2025,05/07/2025,LAGOA SANTA,SP,1,1,0,0
OKTOBERDIVAS - CORRIDA FEMININA 2025,837,47,2025,16/11/2025,ARACAJU,GO,1,1,0,0
SUNSET RUN 2025,836,23,2025,01/06/2025,RIBEIRAO PRETO,GO,1,1,1,0
4 EDICAO COLORINDO A VIDA SEM DIABETES 2025,836,27,2025,29/06/2025,GOIANIA,SC,1,0,1,0
2 CORRIDA PELO MEIO AMBIENTE COPEL,836,28,2025,12/07/2025,GOIANIA,SP,0,1,0,0
10 MILHAS DE JOINVILLE (11 CORRIDA 8 BPM),835,5,2026,25/01/2026,JOINVILLE,RO,1,1,1,0
A LENDARIA CORRIDA DO ROCK,834,25,2025,15/06/2025,LIMEIRA,ES,0,1,0,0
CORRIDA START RUN 2026,833,30,2025,26/07/2025,VILHENA,SE,1,1,0,0
VI CORRIDA HISTORICA DA EAMES,833,50,2025,07/12/2025,VILA VELHA,PI,1,1,0,0
ITABAIANA NIGHT RACE 2025,832,30,2025,20/07/2025,ITABAIANA,SP,0,1,0,0
CIRCUITO CAIXA CORRIDAS PELO NORDESTE - PICOS,832,38,2025,14/09/2025,PICOS,DF,1,1,0,0
PROGEN MOVE CERET,831,36,2025,31/08/2025,SAO PAULO,PA,0,1,0,0
CORRIDA DA PAO,831,39,2025,21/09/2025,BRASILIA,DF,1,1,0,0
1 CORRIDA AMIGOS DO LEO - 7K,831,44,2025,01/11/2025,PARAUAPEBAS,SE,1,1,0,0
ENCONTRO DELAS - BRASILIA 2025,829,28,2025,06/07/2025,BRASILIA,MG,1,1,0,0
CIRCUITO DE CORRIDAS TV ATALAIA - 2 ETAPA,829,39,2025,21/09/2025,ARACAJU,DF,1,1,0,0
GIRL POWER - PARACATU - 2025,827,23,2025,01/06/2025,PARACATU,PR,1,1,0,0
CORRIDA PLASJMU 2025,827,50,2025,07/12/2025,BRASILIA,SC,1,1,0,0
CIRCUITO SESI DE CORRIDAS DAS INDUSTRIAS - ETAPA CURITIBA,827,6,2026,01/02/2026,CURITIBA,RJ,1,1,0,0
12 CORRIDA DE NATAL DE BLUMENAU,826,35,2025,24/08/2025,BLUMENAU,PE,1,1,0,0
CORRIDAS POPULARES - RJ,826,46,2025,09/11/2025,,RJ,1,1,0,0
47 CORRIDA DUQUE DE CAXIAS - CORRENDO PELA CIDADANIA,824,38,2025,20/09/2025,RECIFE,PR,1,1,0,0
3  DIGNUS RUN,824,51,2025,14/12/2025,RIO DAS OSTRAS,SP,1,1,0,0
7 CORRIDA DO BPTRAN - 4 ETAPA DO CIRCUITO PROCORRER - NOTURNA,824,9,2026,22/02/2026,CURITIBA,SP,1,1,0,0
CORRIDA DA SERRA - ETAPA SAO JOSE DOS CAMPOS-SP,823,46,2025,09/11/2025,SAO JOSE DOS CAMPOS,PR,1,1,0,0
1 CORRIDA E CAMINHADA AMA,823,49,2025,30/11/2025,ITAPETININGA,PB,1,1,0,0
CIRCUITO SESI DE CORRIDAS DAS INDUSTRIAS - ETAPA CASCAVEL,823,50,2025,07/12/2025,CASCAVEL,SP,1,0,0,0
CORRIDAS UNIMED - CIRCUITO JOAO PESSOA 2025,822,51,2025,20/12/2025,JOAO PESSOA,SP,1,1,0,0
VIDA ATIVA,822,52,2025,21/12/2025,SAO PAULO,GO,1,0,0,0
CARDIO NATALINO,821,40,2025,04/10/2025,JUNDIAI,SP,1,1,0,0
CIRCUITO DO BEM   ESPECIAL DE NATAL,821,50,2025,07/12/2025,GOIANIA,SP,0,1,0,0
CORRIDA OUTUBRO ROSA SUNSET RUN - 2025,820,29,2025,19/07/2025,FRANCA,SP,1,1,0,0
CIRCUITO SESC DE CORRIDAS 2025 - ETAPA ARACATUBA,820,47,2025,20/11/2025,ARACATUBA,PI,1,1,0,0
3 SOMOS TAO JOVENS RUN,820,48,2025,23/11/2025,ATIBAIA,MG,1,1,0,0
ELITE RUN EXPERIENCE - A CORRIDA DO FORMANDO,819,29,2025,19/07/2025,TERESINA,SP,1,1,0,0
CORRIDA MINAS TENIS CLUBE,818,35,2025,24/08/2025,BELO HORIZONTE,BA,1,1,0,0
SOMOS TAO JOVENS RUN,818,40,2025,04/10/2025,ATIBAIA,RJ,1,0,0,0
1 CORRIDA DO CPR-N,818,53,2025,28/12/2025,JUAZEIRO,PI,1,0,0,0
SERVIDORES RUN 2025,818,8,2026,21/02/2026,SAQUAREMA,PR,1,1,0,0
2 EDICAO CORRIDA VOLTA DA LIBERDADE,817,39,2025,21/09/2025,PIRACURUCA,PR,1,0,0,0
CIRCUITO SESC DE CORRIDAS ETAPA CORNELIO PROCOPIO 2026,816,29,2025,13/07/2025,CORNELIO PROCOPIO,ES,1,1,0,0
CORRENTEZA - CORRIDA DE RUA E NATUREZA,814,48,2025,23/11/2025,PARANAGUA,MG,0,1,0,0
CORRIDA DA ESTIVA - 3 EDICAO,814,51,2025,14/12/2025,VITORIA,RJ,1,1,0,0
CORRIDA DAS ESTRELAS BET 2025,813,49,2025,30/11/2025,BELO HORIZONTE,BA,1,1,0,0
CORRIDA FIT COMPANY NO PARAISO,812,24,2025,08/06/2025,DUQUE DE CAXIAS,SP,0,1,0,0
CORRIDA DO PEPE 2025,811,32,2025,03/08/2025,SALVADOR,PR,1,1,0,0
14 VOLTA DA UNIAO,811,35,2025,24/08/2025,OSASCO,SC,1,1,0,0
CIRCUITO SESI DE CORRIDAS DAS INDUSTRIAS - ETAPA MARINGA,811,35,2025,24/08/2025,MARINGA,AL,1,1,1,0
AVAI RUN 2025,810,27,2025,29/06/2025,FLORIANOPOLIS,RO,1,0,1,0
TRACK&FIELD RUN SERIES 2025 - MACEIO,810,36,2025,31/08/2025,MACEIO,SP,1,1,0,0
4 CORRIDA TURISTICA CAFECAU,810,46,2025,09/11/2025,CACOAL,SE,1,1,0,0
2 CORRIDA ASSET BANK,806,48,2025,29/11/2025,ARARAQUARA,SP,1,1,0,0
CIRCUITO DAS ESTACOES 2025 - VERAO - ARACAJU,806,51,2025,14/12/2025,ARACAJU,AL,0,1,0,0
NIGHT RUN - NEONERGIA - LEME - 2025,805,36,2025,31/08/2025,LEME,SP,1,1,0,0
8 DESAFIO BOPE- ALAGOAS,802,25,2025,15/06/2025,MACEIO,CE,1,1,0,0
TRACK&FIELD EXPERIENCE 2025 - SHOPPING CONTINENTAL,801,44,2025,26/10/2025,SAO PAULO,BA,1,1,0,0
CIRCUITO DESBRAVA - ETAPA FORTALEZA,797,32,2025,03/08/2025,FORTALEZA,SP,1,0,0,0
CORRIDA SEST SENAT-ALAGOINHAS,797,7,2026,08/02/2026,ALAGOINHAS,MT,1,1,0,0
CORRIDA KAZAMIGAS SAO PAULO 2025,797,7,2026,14/02/2026,SAO PAULO,SP,1,0,0,0
CORRIDA DA NOVA IMIGRANTES,794,45,2025,08/11/2025,CUIABA,SC,1,1,0,0
FOLIA RUN 2026 - CORRIDA NOTURNA,794,48,2025,23/11/2025,SANTO ANDRE,DF,1,1,0,0
CORRIDA RUSTICA SANTOS DUMONT 2025,793,41,2025,11/10/2025,FLORIANOPOLIS,RS,1,0,0,0
CORRIDA PELA VIDA - UNIDOS CONTRA A VIOLENCIA E O FEMINICIDIO,792,27,2025,29/06/2025,BRASILIA,RJ,1,0,0,0
BEER RUN IMIGRACAO - EDICAO LAGER ZERO CARBO,792,46,2025,09/11/2025,CAMPO BOM,CE,1,1,0,0
STAR GIRLS 4KM - QUINTA DA BOA VISTA - RJ - 2025,791,48,2025,23/11/2025,RIO DE JANEIRO,AL,1,1,1,0
IV CORRIDA CONECTADOS PELA CURA - HMSVP,789,28,2025,06/07/2025,BARBALHA,MG,1,1,1,0
21K DE MARECHAL,789,50,2025,07/12/2025,MARECHAL DEODORO,SP,0,1,1,1
8 MEIA MARATONA DE UBERABA 2025,788,26,2025,28/06/2025,UBERABA,ES,1,0,0,0
MARATONA 150 ANOS AMERICANA HUGO FARIAS,786,38,2025,14/09/2025,AMERICANA,PB,1,1,0,0
CIRCUITO DA LUA - ETAPA LUA NOVA,785,47,2025,16/11/2025,VILA VELHA,BA,0,1,1,0
CIRCUITO SESC DE CORRIDA DE RUA - ETAPA CAMPINA GRANDE,784,28,2025,09/07/2025,CAMPINA GRANDE,SP,1,1,0,0
ASICS RUN CHALLENGE - ETAPA SALVADOR,783,51,2025,14/12/2025,SALVADOR,PE,1,1,0,0
CORRIDA 9 DE JULHO   TROFEU RINALDO PANUNZZIO,782,41,2025,05/10/2025,GUARATINGUETA,RJ,1,1,0,0
MOTIVA TORITAMA 2025,782,48,2025,29/11/2025,TORITAMA,MT,1,1,0,0
CIRCUITO CORRIDAS POPULARES - ETAPA MACAE,782,3,2026,11/01/2026,MACAE,SP,0,1,0,0
1 CORRIDA DE RUA DA CORE 2025,782,6,2026,01/02/2026,CUIABA,SP,0,1,0,0
PLANETA RUN 2025,781,25,2025,15/06/2025,FLONA IPANEMA: ARACOIABA DA SERRA,SP,1,1,1,0
SPACE COLORS RUN,780,24,2025,08/06/2025,,CE,1,1,0,0
LIVE! RUN XP 2025 - SOROCABA,780,42,2025,18/10/2025,SOROCABA,RN,1,1,1,0
XXII CORRIDA SANTO ANTONIO,779,26,2025,22/06/2025,BARBALHA,PR,1,1,0,0
FESTIVAL 21K DE PIPA,779,36,2025,31/08/2025,TIBAU DO SUL,RN,1,1,0,0
CIRCUITO SESI DE CORRIDAS DAS INDUSTRIAS - ETAPA LONDRINA,779,40,2025,04/10/2025,LONDRINA,GO,1,0,0,0
BEAT.CO RUN,779,45,2025,02/11/2025,NATAL,PR,1,1,0,0
CORRIDA CAROL RUN,779,46,2025,09/11/2025,ABADIANIA,SC,1,1,1,0
6 CORRIDA E CAMINHADA DOS AMIGOS DO HC,778,38,2025,14/09/2025,CURITIBA,SP,0,1,0,0
9 MEIA MARATONA DE PIRACITY,777,35,2025,24/08/2025,JOINVILLE,DF,1,1,0,0
2 CORRIDA FADAS 2025,777,44,2025,26/10/2025,SAO PAULO,PE,1,1,0,0
ADVOGARUN,777,46,2025,15/11/2025,BRASILIA,GO,1,1,0,0
CORRIDA DO BATALHAO BARRETO DE MENEZES,777,8,2026,15/02/2026,CARUARU,SP,1,0,0,0
1 CORRIDA IPASGO SAUDE,774,25,2025,15/06/2025,GOIANIA,GO,1,1,1,0
PARNASO EXPERIENCE RUN - 2 ETAPA,774,34,2025,17/08/2025,DISTRITO DE PARNASO,ES,0,1,0,0
CORRIDA DOS ROMEIROS - OPYT,774,48,2025,23/11/2025,GOIANIA,BA,1,1,0,0
CORRIDA DA COOPERACAO,773,46,2025,09/11/2025,VITORIA,PR,1,1,0,0
CORRIDA VUMBORA 2025,772,46,2025,15/11/2025,FEIRA DE SANTANA,SP,1,1,0,0
CIRCUITO SESC - MARINGA 2025,771,39,2025,21/09/2025,MARINGA,SP,1,0,0,0
3 SUPER DIFUSORA,770,29,2025,13/07/2025,ITAPETININGA,ES,1,0,0,0
CORRIDA DO CORACAO JUNDIAI,770,34,2025,17/08/2025,JUNDIAI,CE,1,1,1,0
CORRIDA MULHER-MARAVILHA VITORIA,769,28,2025,12/07/2025,VITORIA,ES,0,1,0,0
1 MEIA MARATONA DE MARANGUAPE,768,9,2026,22/02/2026,MARANGUAPE,CE,1,1,0,0
CORRIDA SAUDE NIGHT RUN,767,28,2025,06/07/2025,GUACUI,MG,1,1,0,0
CIRCUITO SESC DE CORRIDAS ETAPA CRATO-CE 2026,766,37,2025,07/09/2025,CRATO,PA,1,1,0,0
1 CORRIDA DO LEAO,766,46,2025,15/11/2025,NOVA LIMA,MG,1,1,0,0
A VIDA E UMA MARATONA - COM RONALDO DA COSTA,766,7,2026,08/02/2026,PARAUAPEBAS,PE,1,1,0,0
CORRIDA DAS BANCARIAS E BANCARIOS - 2025,765,51,2025,14/12/2025,BELO HORIZONTE,SP,1,1,1,0
II EDICAO DA CORRIDA PEDE.RUN - 2026,763,40,2025,04/10/2025,PETROLINA,SC,1,0,0,0
MEIA MARATONA SAND RUN - ITANHAEM,762,35,2025,24/08/2025,ITANHAEM,CE,1,1,0,0
5K-PLATZ NIGHT RUN 2025,762,43,2025,19/10/2025,SAO JOSE,MG,1,1,0,0
7 CORRIDA MARIA MATOS,762,50,2025,07/12/2025,HORIZONTE,SC,1,1,0,0
5 CORRIDA UNIMED DIVINOPOLIS,762,52,2025,21/12/2025,DIVINOPOLIS,MG,1,0,0,0
CIRCUITO ANGELONI 2025 - ETAPA CRICIUMA,761,23,2025,01/06/2025,CRICIUMA,PR,1,1,0,0
NOEL RUN MINAS,759,49,2025,30/11/2025,BELO HORIZONTE,RO,1,1,1,1
CORRIDA DA POLICIA CIENTIFICA,758,35,2025,24/08/2025,CURITIBA,RS,1,1,0,0
MARATONA DE PORTO VELHO LUPO,758,47,2025,16/11/2025,PORTO VELHO,BA,1,1,0,0
CASA PERINI VINO RUN 2025 - EDICAO ESPECIAL 10 ANOS,758,47,2025,20/11/2025,FARROUPILHA,GO,1,1,0,0
CORRIDA WHEYGURT - SAUDE QUE CORRE COM VOCE!,758,49,2025,30/11/2025,ALAGOINHAS,SC,1,1,0,0
CIRCUITO ENCONTRO DELAS CAIXA,756,44,2025,26/10/2025,GOIANIA,SP,1,1,0,0
4 EDICAO CORRIDA SOLIDARIA ABBA PAI CHURCH,756,50,2025,07/12/2025,CRICIUMA,SP,1,1,0,0
6 ETAPA BARRA BONITA - CIRCUITO DE CORRIDAS 2025 - JAU SERVE SUPERMERCADOS,755,30,2025,20/07/2025,BARRA BONITA,RJ,1,1,1,0
5 CORRIDA E CAMINHADA RPFC RUN,755,40,2025,28/09/2025,RIBEIRAO PIRES,MG,1,1,0,0
UPHILL CRISTO REDENTOR 2025,754,37,2025,13/09/2025,RIO DE JANEIRO,RJ,1,0,0,0
CIRCUITO DESBRAVA - ETAPA BELO HORIZONTE,753,36,2025,31/08/2025,BELO HORIZONTE,RJ,1,1,0,0
CORRIDA E CAMINHADA MARICA NIGHT RUN 2025,749,49,2025,30/11/2025,MARICA,PB,1,1,0,0
XXXV CORRIDA DIQUE DE CAXIAS,747,27,2025,29/06/2025,DUQUE DE CAXIAS,RN,1,1,0,0
CORRIDA SAPE 100 ANOS,747,49,2025,30/11/2025,SAPE,AL,1,1,0,0
CORRIDA DO ABC,746,31,2025,02/08/2025,NATAL,CE,1,1,0,0
1 CORRIDA JOMART RUN 2025,745,36,2025,31/08/2025,ARAPIRACA,MT,1,1,0,0
BRB PARACURU NIGHT,744,24,2025,08/06/2025,PARACURU,PR,1,1,0,0
12 CORRIDA DA ADVOCACIA,744,49,2025,30/11/2025,CUIABA,PR,1,1,0,0
XXI CORRIDA DOR ARTILHEIRO 2025,743,30,2025,26/07/2025,CURITIBA,DF,1,1,0,0
5 CORRIDA E CAMINHADA 97 FM 2025,740,37,2025,13/09/2025,FOZ DO IGUACU,SC,0,1,1,1
CORRIDA DA ZERO HORA 2025,739,37,2025,13/09/2025,BRASILIA,SC,1,1,0,0
DESAFIO INTERNACIONAL ROTA DA BALEIA 2025,739,46,2025,09/11/2025,LAGUNA,PR,1,1,1,0
CORRIDA IBAGY NIGHT RUN 55 ANOS,738,39,2025,21/09/2025,FLORIANOPOLIS,PR,1,1,0,0
5 ETAPA DO CIRCUITO DE CORRIDA FECAM,735,34,2025,17/08/2025,CAMPO MOURAO,BA,1,1,0,0
ALMEIDA RUN 2025,734,23,2025,01/06/2025,COLOMBO,BA,1,1,0,0
MUCHACHO S RUN 2025,734,39,2025,21/09/2025,SALVADOR,SE,1,1,0,0
CORRIDA HIPERIDEAL - SALVADOR,734,6,2026,01/02/2026,SALVADOR,CE,1,1,0,0
CORRIDA SOLIDARIA DO 3 BPM,733,34,2025,23/08/2025,ITABAIANA,SP,1,1,0,0
2 CORRIDA ZILUMINA,733,47,2025,20/11/2025,CASCAVEL,PR,1,1,0,0
CORRIDA MEU MUNDO MINHA VIDA 2025 - MMMV,732,40,2025,04/10/2025,JUNDIAI,SC,1,1,0,0
21  CORRIDA RUSTICA DE PAICANDU,732,48,2025,23/11/2025,PAICANDU,PR,1,1,0,0
CORRIDA DO FOGO,731,24,2025,08/06/2025,LAGES,ES,1,1,0,0
CRC CIRCUITO SUSTENTAVEL - ETAPA MARINGA,731,44,2025,26/10/2025,MARINGA,PB,1,0,0,0
CIRCUITO DE CORRIDA MOVE ON ESPORTE - ETAPA SHOPPING VILA VELHA,729,32,2025,03/08/2025,VILA VELHA,PR,1,1,0,0
1 CORRIDA OAB - SUBSECAO GUARABIRA,729,46,2025,09/11/2025,GUARABIRA,SP,1,1,0,0
PRIME RUN,728,42,2025,12/10/2025,LONDRINA,BA,1,1,0,0
3 CORRIDA ROGERS FASTRUN 2025,727,38,2025,14/09/2025,SUZANO,BA,0,1,1,0
TRECK RUN 2025,727,41,2025,05/10/2025,FEIRA DE SANTANA,RS,1,1,1,0
DEZ MILHAS COSTA DO CACAU,727,42,2025,12/10/2025,ILHEUS,BA,1,1,0,0
28 MEIA MARATONA INTERNACIONAL DE URUGUAIANA,726,39,2025,21/09/2025,URUGUAIANA,SP,1,1,0,0
CORRIDA TREKRUN,725,38,2025,14/09/2025,FEIRA DE SANTANA,ES,1,1,0,0
95 VOLTA DA PENHA,724,46,2025,15/11/2025,SAO PAULO,PB,1,1,0,0
CORRIDA E CAMINHADA CAMINHO DA FE,722,39,2025,21/09/2025,SERRA,PA,0,1,0,0
2 COOPRUN ESPERANCA,722,43,2025,19/10/2025,ESPERANCA,BA,1,1,0,0
13 CIRCUITO DE CORRIDA DA OAB/PA - ETAPA MARABA,722,43,2025,19/10/2025,MARABA,BA,1,1,0,0
3 EDICAO CORRIDA RUSTICA CONCEICAO DO JACUIPE,721,25,2025,19/06/2025,CONCEICAO DO JACUIPE,PR,1,1,0,0
III CORRIDA RUSTICA DE CONCEICAO DE JACUIPE,721,32,2025,03/08/2025,CONCEICAO DO JACUIPE,ES,1,0,0,0
3 AMP RUN,720,39,2025,21/09/2025,LONDRINA,BA,1,0,0,0
CORRIDA DA SAUDE CAPIXABA,720,44,2025,26/10/2025,SERRA,GO,1,0,0,0
CORRIDA E CAMINHADA SEST SENAT - ITABUNA,718,24,2025,08/06/2025,ITABUNA,SC,1,1,0,0
CIRCUITO DO BEM,718,27,2025,05/07/2025,GOIAS,SC,1,1,0,0
CORRIDA ODA FITNESS EM MOVIMENTO,718,41,2025,11/10/2025,JOINVILLE,PR,1,1,0,0
12 JARAGUA NIGHT RACE,717,25,2025,15/06/2025,JARAGUA DO SUL,SP,1,0,0,0
1 ANTIGOS RUN,717,38,2025,14/09/2025,IRATI,SC,1,1,0,0
DIVAS RUN - PAULINIA,713,37,2025,07/09/2025,PAULINIA,SC,1,0,0,0
CORRIDA JOVEM PAN JARAGUA SUL   2025,713,40,2025,28/09/2025,JARAGUA DO SUL,PR,1,1,0,0
CATS RUN SC 2025,713,3,2026,11/01/2026,FLORIANOPOLIS,SP,1,1,0,0
RUN FOR HEALTH - 3 EDICAO,711,30,2025,26/07/2025,CURITIBA,SP,1,1,0,0
TRACK&FIELD DAVVERO RUN,711,44,2025,26/10/2025,BAURU,BA,1,1,0,0
FLASHBACK NIGHT RUN 2025,710,51,2025,14/12/2025,RIBEIRAO PRETO,SP,1,1,0,0
3 CORRIDA DA GUARDA CIVIL MUNICIPAL DE SALVADOR 2025,710,53,2025,31/12/2025,SALVADOR,SP,1,0,0,0
CORRIDA SOLIDARIA 3 BAT CACADORES,709,42,2025,18/10/2025,RIBEIRAO PRETO,CE,1,1,1,0
CIRCUITO DE CORRIDAS DE RUA DE PINDAMONHANGABA 2025,709,49,2025,30/11/2025,PINDAMONHANGABA,PR,0,1,0,0
3 CORRIDA RIVIERA BEACH PLACE,708,44,2025,26/10/2025,AQUIRAZ,MG,1,1,1,0
CORRIDA NOITE FELIZ,707,33,2025,10/08/2025,CURITIBA,MG,1,1,0,0
UBERLANDIA 10 MILHAS - 2025,707,6,2026,01/02/2026,UBERLANDIA,ES,0,1,0,0
CORRIDA MOVIMENTA SEST SENAT,706,47,2025,16/11/2025,POUSO ALEGRE,SP,1,1,1,0
CORRIDA 5 MILHAS ARACRUZ INTERPRAIAS,702,43,2025,19/10/2025,ARACRUZ,MG,1,1,0,0
1 MEIA MARATONA DA INCLUSAO DE LIMEIRA,701,29,2025,13/07/2025,LIMEIRA,SC,1,1,0,0
LIVE! RUN XP 2025 - JUIZ DE FORA,701,32,2025,03/08/2025,JUIZ DE FORA,SP,1,0,0,0
20 CORRIDA E CAMINHADA DA COMUNIDADE - POR UMA VIDA SEM DROGAS - CERENE,701,42,2025,18/10/2025,BLUMENAU,SP,1,1,0,0
11 CAORRIDA SHOPPING ARICANDUVA 2025,701,52,2025,21/12/2025,SAO PAULO,SP,1,1,0,0
RUN PINK RIO CLARO,700,26,2025,22/06/2025,RIO CLARO,MA,1,1,0,0
LUZZA COFFEE RUN,700,37,2025,07/09/2025,RIO CLARO,CE,1,1,0,0
CIRCUITO DESBRAVA,700,47,2025,16/11/2025,SAO LUIS,CE,1,1,0,0
2 CORRIDA SAMUKA ATACADISTA,700,49,2025,30/11/2025,ARACATI,DF,1,0,0,0
VIVA ARPOEIRAS,699,47,2025,16/11/2025,ACARAU,CE,1,1,0,0
CORRIDA MULHER-MARAVILHA BRASILIA,697,31,2025,02/08/2025,BRASILIA,RO,1,0,0,0
1 CORRIDA BORA CORRER,696,36,2025,31/08/2025,ARACATI,SE,1,1,0,0
CIRCUITO SUNSET RUN - ETAPA PORTO VELHO,696,44,2025,26/10/2025,PORTO VELHO,SC,1,1,0,0
4 CORRIDA DO SINTESE,695,5,2026,25/01/2026,ARACAJU,SP,1,1,1,0
CIRCUITO DESBRAVA,694,30,2025,20/07/2025,FLORIANOPOLIS,RS,1,1,0,0
2 MEIA MARATONA FERREIRA RUN,694,46,2025,09/11/2025,ARACATUBA,SP,1,0,0,0
CORRE SM,694,46,2025,09/11/2025,SANTA MARIA,SP,1,0,0,0
3 CORRIDA E CAMINHADA MATARAZZO/MANZINI,694,6,2026,01/02/2026,DRACENA,PR,1,1,0,0
3 CORRIDA E CAMINHADA MATARAZZO/MANZINI PRESIDENTE PRUDENTE - SP,693,24,2025,08/06/2025,PRESIDENTE PRUDENTE,SP,1,1,0,0
TRACK&FIELD EXPERIENCE 2026 - MARINGA,693,42,2025,12/10/2025,MARINGA,BA,1,0,0,0
8 ECORRIDA CAFE BRASIL,692,29,2025,13/07/2025,ARACATUBA,RS,1,1,1,0
CORRIDA SEST SENAT - ETAPA ILHEUS,692,52,2025,21/12/2025,ILHEUS,SP,1,0,0,0
MEIA MARATONA DO VILLAGIO,691,36,2025,31/08/2025,CAXIAS DO SUL,PR,1,0,0,0
CORRIDA DE NATAL 2025,691,37,2025,07/09/2025,SAO PAULO,BA,1,1,0,0
CORRIDA LARANJA CRESOL 2025 - FRANCISCO BELTRAO/PR,691,41,2025,05/10/2025,FRANCISCO BELTRAO,SC,1,1,0,0
4 CORRIDA DO PROFISSIONAL DE EDUCACAO FISICA 2025,691,43,2025,19/10/2025,SALVADOR,BA,1,1,0,0
CORRIDAS DO BEM SESI SAUDE 2025 - ETAPA CHAPECO,690,34,2025,17/08/2025,CHAPECO,SC,1,0,0,0
1 CORRIDA CEPARH TODOS CONTRA O CANCER DE MAMA,689,30,2025,26/07/2025,SALVADOR,RS,1,1,0,0
BLUMENAU 5K,689,5,2026,25/01/2026,BLUMENAU,SC,1,1,0,0
8 NIGHT RUN IGREJINHA,688,28,2025,06/07/2025,IGREJINHA,BA,1,1,0,0
ONE DAY RUN,688,43,2025,19/10/2025,FLORIANOPOLIS,RS,1,1,0,0
CORRIDA SUPERACAO AVIGRO,688,7,2026,08/02/2026,CONCEICAO DA FEIRA,BA,1,1,0,0
CORRIDA ORQUIDEA 2025,687,46,2025,09/11/2025,CAXIAS DO SUL,SP,1,1,0,0
TRACK&FIELD EXPERIENCE 2026 - 1 RUNNING VERAO CONQUISTA,687,46,2025,09/11/2025,VITORIA DA CONQUISTA,SP,1,1,0,0
CIRCUITO TRANSFORMAR - GUARUJA,685,23,2025,01/06/2025,GUARUJA,PE,1,1,0,0
CORRIDA CONTA A OBESIDADE - GASTRO ABC,685,8,2026,15/02/2026,SAO BERNARDO DO CAMPO,SP,0,1,0,0
MUSIC RUNNING - 2025,684,38,2025,14/09/2025,CARUARU,MG,0,1,0,0
6 CORRIDA RUSTICA CABREUVA SERRA DO JAPI,683,38,2025,14/09/2025,CABREUVA,PR,1,1,0,0
4 CIRCUITO PINTADO,683,51,2025,14/12/2025,PASSOS,SC,1,0,1,0
CIRCUITO SESI DE CORRIDAS DAS INDUSTRIAS - ETAPA PATO BRANCO,681,23,2025,07/06/2025,PATO BRANCO,MT,1,1,0,0
15 VOLTA A LAGOA - FLORIANOPOLIS 2025,681,40,2025,28/09/2025,FLORIANOPOLIS,TO,1,1,1,0
FAMILY RUN - CUIABAA,679,51,2025,14/12/2025,CUIABA,RN,1,1,0,0
4 MEIA MARATONA DAS PRAIAS - EMPODERE-SE,678,32,2025,09/08/2025,PALMAS,SP,1,1,0,0
2 CORRIDA DO CREA-RN 2025,677,48,2025,23/11/2025,NATAL,ES,0,1,0,0
XXI VOLTA USP RIBEIRAO PRETO,676,47,2025,22/11/2025,RIBEIRAO PRETO,SP,1,1,1,0
CORRIDA E CAMINHADA PELO DIABETES,676,48,2025,29/11/2025,VITORIA,BA,1,0,0,0
28 PRAIAS ETAPA LUA,674,37,2025,13/09/2025,UBATUBA,SE,1,1,0,0
CIRCUITO CAIXA SUNSET RUN,674,45,2025,02/11/2025,VITORIA DA CONQUISTA,SC,1,1,0,0
12 CORRIDA DOS BANCARIOS,674,46,2025,09/11/2025,ARACAJU,MT,1,1,0,0
6 EDICAO CORRIDA PELOS ANIMAIS DE RUA,674,47,2025,20/11/2025,BLUMENAU,SE,1,0,0,0
7 CORRIDA DO JUDICIARIO,673,36,2025,31/08/2025,CUIABA,MG,1,1,0,0
2 CORRIDA BENEFICENTE SANTA DULCE DOS POBRES,672,36,2025,31/08/2025,ITABAIANA,SP,1,1,0,0
1 CORRIDA DA POLICIA MILITAR   TRES PONTAS,672,37,2025,13/09/2025,TRES PONTAS,PE,1,1,0,0
NOS CORREMOS POR TODAS,672,52,2025,21/12/2025,SAO BERNARDO DO CAMPO,RJ,1,0,0,0
1 CORRIDA NIGHT RUN,671,44,2025,26/10/2025,GARANHUNS,SC,1,1,0,0
7 EDICAO CORRIDA E SAMBA - ETAPA COPACABANA,671,49,2025,06/12/2025,RIO DE JANEIRO,PR,0,1,0,0
CORRIDA OUTUBRO ROSA 2025,671,52,2025,23/12/2025,SAO JOSE,PE,0,1,0,0
1 CORRIDA NOTURNA DO CHOQUE,671,4,2026,18/01/2026,FOZ DO IGUACU,SP,1,0,0,0
32 CORRIDA RAIMUNDO DE SA,669,33,2025,16/08/2025,SALGUEIRO,SP,1,1,0,0
ECO RUN CLUB 2026,669,39,2025,21/09/2025,ITATIBA,SP,1,1,0,0
CORRIDA INTERNA HYUNDAI 2025,669,43,2025,19/10/2025,PIRACICABA,MG,1,0,0,0
2 CORRIDA CONTRA POLIO,669,48,2025,29/11/2025,SUZANO,PR,0,1,0,0
CORRIDA DA SAUDE 2025 - ITATIAIUCU,669,51,2025,14/12/2025,ITATIAIUCU,PR,1,0,0,0
11 CORRIDA DA POLICIA MILITAR,668,23,2025,01/06/2025,CASCAVEL,SP,1,1,0,0
CORRIDA LAPA 2025 - LAPA (PR),668,36,2025,31/08/2025,LAPA,PR,1,1,0,0
TF EXPERIENCE GRANJA VIANA | CIRCUITO RIO BRANCO,668,43,2025,19/10/2025,COTIA,SP,1,0,0,0
CIRCUITO SEST SENAT + SAUDE,667,29,2025,13/07/2025,CURITIBA,PA,1,1,0,0
CORRIDA DA CONSCIENTIZACAO DO AUTISMO ETAPA BARUERI,667,42,2025,18/10/2025,BARUERI,DF,1,1,1,0
CORRIDA DO OURO,666,31,2025,27/07/2025,ITAITUBA,SC,1,1,0,0
XTERRA BRASILIA - 2025,665,34,2025,17/08/2025,BRASILIA,SP,1,1,1,0
3 CORRIDA DO ATIRADOR,665,5,2026,25/01/2026,BRUSQUE,SP,0,1,0,0
XTERRA CARAGUA 2025 - 2 DIA,664,40,2025,28/09/2025,CARAGUATATUBA,SP,1,1,0,0
3 CORRIDA 50 BPMI,664,46,2025,09/11/2025,ITU,SP,1,1,0,0
4 CORRIDA PELA DOACAO DE ORGAOS,664,5,2026,25/01/2026,SAO PAULO,RO,1,1,0,0
1 CORRIDA EU AMO O SERTAO 2025,664,7,2026,08/02/2026,BAURU,PE,1,0,0,0
6 CORRIDA MPRO,663,25,2025,15/06/2025,PORTO VELHO,AP,1,1,0,0
2 CORRIDA RUNBJ 2026,663,51,2025,14/12/2025,BELO JARDIM,RS,1,1,0,0
LIVE! RUN XP 2025 - MACAPA,662,23,2025,07/06/2025,MACAPA,PA,1,0,0,0
TRACK&FIELD RUNNING VILLAGIO CAXIAS,661,40,2025,28/09/2025,CAXIAS DO SUL,RJ,1,0,0,0
CORRIDA DO MEIO AMBIENTE,660,38,2025,20/09/2025,SANTAREM,SC,1,1,0,0
CIRCUITO LIGHT RIO ANTIGO - ETAPA VOLTA REDONDA,660,50,2025,07/12/2025,VOLTA REDONDA,RO,1,1,0,0
2 CORRIDA SOLIDARIA APAE NAVEGANTES,659,38,2025,14/09/2025,NAVEGANTES,RJ,1,1,0,0
CORRIDA DOS FALCOES,658,39,2025,21/09/2025,PORTO VELHO,MG,1,1,0,0
CORRIDA DA SERRA - 5 ETAPA,658,46,2025,15/11/2025,PETROPOLIS,GO,1,1,0,0
CORRIDA DA ASSEMBLEIA LEGISLATIVA 2025,657,38,2025,20/09/2025,BELO HORIZONTE,AL,1,1,0,0
RUN SHOPPING ESTACAO GOIANIA,657,49,2025,30/11/2025,GOIANIA,PA,0,0,1,0
CORRIDA ALAGOAS SEM FOME,657,53,2025,28/12/2025,MACEIO,BA,1,1,0,0
AP RUN 16 E 21 KM 5 ETAPA,656,36,2025,31/08/2025,BELEM,CE,1,1,0,0
3 CORRIDA OURO NEGRO,656,38,2025,14/09/2025,MADRE DE DEUS,PI,1,1,0,0
CORRIDA AGOSTO BRANCO,655,27,2025,29/06/2025,JUAZEIRO DO NORTE,SP,1,1,1,0
CIRCUITO SESC CORRIDA DE RUA PARNAIBA,655,35,2025,30/08/2025,PARNAIBA,PA,1,0,0,0
1 MEIA MARATONA CIDADE DE GUARULHOS ACM,655,35,2025,30/08/2025,GUARULHOS,PA,1,0,0,0
META FIT NIGTH RUN,655,46,2025,09/11/2025,SANTAREM,PB,1,1,0,0
NIGHT RUN MEETAFIT,654,33,2025,10/08/2025,SANTAREM,SE,1,1,0,0
3 CIRCUITO SEST/SENAT,652,34,2025,17/08/2025,CAMPINA GRANDE,RS,1,0,0,0
CORRIDA VELHA CAP 2025,652,40,2025,28/09/2025,ARACAJU,PR,1,1,0,0
9 CORRIDA RUSTICA DO COLEGIO TIRADENTES,652,9,2026,22/02/2026,IJUI,PR,1,1,0,0
CIRCUITO DE CORRIDAS FECAM - ETAPA PARANA RUNNERS,651,29,2025,19/07/2025,CAMPO MOURAO,BA,0,1,1,1
CIRCUITO SESI DE CORRIDAS DAS INDUSTRIAS - ETAPA GUARAPUAVA,650,41,2025,05/10/2025,GUARAPUAVA,SP,1,1,1,0
CIRCUITO DO VINHO- MORRO DO CHAPEU,649,32,2025,03/08/2025,MORRO DO CHAPEU,ES,0,1,1,0
4 UNIMED RUN BARRETOS,649,38,2025,14/09/2025,BARRETOS,SP,0,1,1,0
10 MILHAS DO MARMORE E GRANITO,649,4,2026,18/01/2026,CACHOEIRO DE ITAPEMIRIM,BA,1,1,0,0
1 MEIA MARATONA HOSPITAL AMARAL CARVALHO,648,38,2025,20/09/2025,JAU,SP,1,1,0,0
4 CORRIDA RUSTICA DO BONFIM,648,44,2025,26/10/2025,ITABUNA,ES,0,1,0,0
2 EDICAO BEAT COLORS RUN - 2025,647,28,2025,06/07/2025,SAO CARLOS,SC,1,0,0,0
LATO SENSU RUN   CONVIVER, SUPERAR E CONQUISTAR,647,38,2025,14/09/2025,MANAUS,SP,1,1,0,0
CORRIDA ROSA - MOVIMENTE-SE COM A ARY 2025,647,38,2025,14/09/2025,VILA VELHA,PR,1,1,0,0
3 CORRIDA DO FOGO - RIO NEGRINHO (SC),646,27,2025,29/06/2025,RIO NEGRINHO,PE,0,1,0,0
CIRCUITO DE CORRIDAS JAU SERVE SUPERMERCADOS - 5 ETAPA,646,35,2025,24/08/2025,SAO CARLOS,PR,1,1,0,0
LEGENDARIO RUN,646,43,2025,19/10/2025,CURITIBA,SP,1,1,0,0
53 CORRIDA DA FOGUEIRA,644,42,2025,18/10/2025,RECIFE,BA,1,0,0,0
CORRIDA E CAMINHADA FRISIA 100 ANOS,644,4,2026,18/01/2026,CARAMBEI,PE,1,1,0,0
3 EDICAO CORRIDA E CAMINHADA OUTUBRO ROSA,643,26,2025,28/06/2025,BOITUVA,SP,1,0,0,0
CORRIDA DA EDUCACAO SALVADOR,643,49,2025,30/11/2025,SALVADOR,PR,1,0,0,0
CORRIDA DA RENOVACAO 2026,642,30,2025,20/07/2025,ITAPISSUMA,CE,1,1,0,0
MUSIC NIGHT RUN - SOROCABA - SP,642,47,2025,16/11/2025,SOROCABA,SC,1,1,0,0
1 PRISMA RUN,641,26,2025,22/06/2025,ARAPONGAS,MT,0,1,0,0
6 CORRIDA DAS FALESIAS 2025,641,33,2025,10/08/2025,BEBERIBE,PA,0,1,0,0
CORRIDA NOVEMBRO AZUL,641,43,2025,19/10/2025,FLORIANOPOLIS,PR,1,0,0,0
CIRCUITO ROTA DO PEIXE,641,50,2025,07/12/2025,VARZEA GRANDE,PB,1,1,0,0
13 CIRCUITO OAB - ETAPA PARAUAPEBAS,640,51,2025,14/12/2025,PARAUAPEBAS,SC,1,1,0,0
9 CORRIDA E CAMINHADA CUIDE AGORA CUIDE SEMPRE,640,4,2026,18/01/2026,SAO JOSE DOS PINHAIS,SC,1,1,0,0
2 CORRIDA DA DEMOCRACIA,639,38,2025,14/09/2025,CAMPINA GRANDE,SP,1,1,0,0
TRACK&FIELD EXPERIENCE 2025 - JOINVILLE | PERINI BUSINESS PARK,639,44,2025,26/10/2025,JOINVILLE,BA,1,1,0,0
TRACK&FIELD EXPERIENCE 2026 - JOINVILLE,638,26,2025,22/06/2025,JOINVILLE,SC,1,1,0,0
7 VALGROUP RUN,638,42,2025,18/10/2025,LORENA,PA,0,1,0,0
CIRCUITO PETROBRAS DE CORRIDA E CAMINHADA,638,42,2025,18/10/2025,SALVADOR,PE,0,1,1,1
CIRCUITO ANGELONI 2025 - ETAPA JOINVILLE,638,3,2026,11/01/2026,JOINVILLE,AP,0,1,0,0
7 CORRIDA DO CIRIO DE PARAUAPEBAS,637,35,2025,24/08/2025,PARAUAPEBAS,SC,0,1,0,0
PTR - ETAPA SERRA NEGRA,637,36,2025,31/08/2025,BEZERROS,MG,1,1,0,0
CORRIDA EQUINOCIO NA PISTA,637,46,2025,09/11/2025,MACAPA,RJ,1,0,0,0
CORRIDA PELA PROTECAO DOS ANIMAIS,637,50,2025,08/12/2025,JOINVILLE,AM,1,1,0,0
1 CORRIDA DA INDEPENDENCIA SETE LAGOAS - MG,636,35,2025,30/08/2025,SETE LAGOAS,SC,1,0,0,0
WATER RUN,636,4,2026,24/01/2026,RIO DE JANEIRO,BA,1,1,1,0
2 CORRIDA PEDESTRE CREA-AM 2025,635,47,2025,22/11/2025,MANAUS,BA,1,0,0,0
BRASAO NIGHT RUN,634,27,2025,05/07/2025,XANXERE,PR,1,0,0,0
ITAITU ECO RUN IX EDICAO,634,50,2025,07/12/2025,ITAITU,SP,0,1,0,0
POR DO SOL RUN,633,42,2025,12/10/2025,JACOBINA,SC,1,1,0,0
WINTER NEON NIGHT RUN,632,39,2025,21/09/2025,MARIOPOLIS,GO,1,1,0,0
2 CORRIDA E CAMINHADA NOSSA SENHORA DA CONCEICAO,632,52,2025,21/12/2025,CAMPINAS,PA,1,1,1,0
SOUBIO RUN 2025,631,26,2025,22/06/2025,FLORIANOPOLIS,SC,1,1,0,0
LARGUE O CIGARRO CORRENDO 2025,630,28,2025,06/07/2025,GOIANIA,CE,1,1,0,0
CORRIDA 390 ANOS DA PEROLA DO TOCANTINS,630,38,2025,14/09/2025,CAMETA,RS,1,1,0,0
RUN FOR PARKINSON'S BLUMENAU,630,38,2025,14/09/2025,BLUMENAU,SC,1,1,1,0
CORRIDA DO RAIO,630,42,2025,12/10/2025,JUAZEIRO DO NORTE,PA,1,0,0,0
9  CORRIDA DOS BOMBEIROS MILITARES DE TAQUARA 2025,629,25,2025,19/06/2025,TAQUARA,AP,1,0,0,0
BARRA RUN 2025,629,48,2025,23/11/2025,BARRA VELHA,RJ,1,1,0,0
5 CORRIDA DOS MEDICOS,629,53,2025,31/12/2025,PARAUAPEBAS,SC,1,1,0,0
1 CORRIDA DO CICLO DE MARABAIXO,628,46,2025,15/11/2025,MACAPA,PR,1,0,0,0
CIRCUITO GOITACA RUN - ETAPA GUARANI,628,52,2025,21/12/2025,CAMPOS DOS GOYTACAZES,PB,1,1,0,0
5 CORRIDA DA VIRADA ACORDE 2025,627,32,2025,09/08/2025,BLUMENAU,MG,1,1,0,0
PROVA RUSTICA DE IGUATEMI,627,38,2025,14/09/2025,IGUATEMI,CE,1,1,0,0
CORRIDA DO CHOQUEANO   ETAPA JOAO PESSOA 2025,626,43,2025,19/10/2025,JOAO PESSOA,RJ,1,0,0,0
2 CORRIDA FUNDACAO DOM CABRAL,626,4,2026,18/01/2026,NOVA LIMA,SP,0,1,0,0
6 CORRIDA SOLIDARIA FORCA NA PERUCA,624,46,2025,09/11/2025,CRATO,MT,1,0,0,0
CIRCUITO LIGHT RIO ANTIGO - ETAPA PIRAI,624,50,2025,07/12/2025,PIRAI,RJ,1,0,0,0
CORRIDA DO PADROEIRO SAO SEBASTIAO 2026,623,36,2025,31/08/2025,SAO SEBASTIAO,RJ,1,0,0,0
CIRCUITO SESC DE CORRIDAS - ETAPA PANTANAL,623,36,2025,31/08/2025,POCONE,SC,1,1,0,0
10 SEGURANCA PRESENTE RUN,622,30,2025,26/07/2025,RIO DE JANEIRO,PB,1,0,0,0
78 ANIVERSARIO DE NILOPOLIS - CORRIDA E CAMINHADA SOLIDARIA,621,30,2025,20/07/2025,RIO DE JANEIRO,SP,1,1,0,0
CORRIDA E CAMINHADA MOVIMENTO COOPER - ETAPA JOINVILLE,621,42,2025,12/10/2025,JOINVILLE,CE,1,1,0,0
CIRCUITO SUNSET RUN - ETAPA CAMPINA GRANDE,621,47,2025,16/11/2025,CAMPINA GRANDE,SP,1,1,1,0
CIRCUITO DE CORRIDAS JAU SERVE SUPERMERCADO - 4 ETAPA,621,7,2026,08/02/2026,RIBEIRAO PRETO,SP,1,1,0,0
I CORRIDA ECOPRINT,621,8,2026,15/02/2026,JUAZEIRO DO NORTE,SP,1,0,0,0
MEIA MARATONA CLAUS SPORTS,620,26,2025,22/06/2025,BOTUCATU,PA,0,1,0,0
REI E RAINHA RUN,619,25,2025,21/06/2025,SAO PAULO,SP,1,1,0,0
CARNARUN,619,30,2025,20/07/2025,SAO PAULO,PE,1,0,0,0
3 CORRIDA DO FOGO - MARABA-PA,619,40,2025,28/09/2025,MARABA,SC,1,1,0,0
CORRIDA E CAMINHADA UPAR 2025,618,27,2025,29/06/2025,INDAIATUBA,SP,1,1,0,0
5 CORRIDA AMIGOS QUE CONQUISTEI NAS CORRIDAS,618,48,2025,29/11/2025,OLINDA,CE,1,1,0,0
2 CORRIDA DE RUA SOLIDA,618,6,2026,01/02/2026,RIO NEGRINHO,RN,1,0,0,0
CIRCUITO DE CORRIDAS JAU SERVE SUPERMERCADOS - 3 ETAPA,617,30,2025,20/07/2025,BROTAS,PR,1,1,0,0
BRB CANOA,617,40,2025,28/09/2025,ARACATI,SP,0,1,0,0
4 CORRIDA CARNAVALESCA,617,43,2025,19/10/2025,CAICO,RJ,1,1,0,0
CIRCUITO ANGELONI 2025 - ETAPA MARINGA,617,50,2025,07/12/2025,MARINGA,SP,1,1,0,0
CIRCUITO SBC 6K,617,50,2025,13/12/2025,SAO BERNARDO DO CAMPO,MT,1,0,0,0
TRACK&FIELD EXPERIENCE 2025 - NITEROI | DESAFIO SAUDE,616,49,2025,30/11/2025,NITEROI,PR,1,1,0,0
8 CORRIDA EU SOU UMA DIVA,615,48,2025,23/11/2025,MOGI DAS CRUZES,CE,1,1,0,0
4. CORRIDA UFMT & UNISELVA EM MOVIMENTO,614,46,2025,09/11/2025,CUIABA,SC,1,1,0,0
IVASKO RUN,613,23,2025,01/06/2025,IRATI,MG,1,1,0,0
CIRCUITO IBIAPABA DE CORRIDA - SAO BENEDITO,613,46,2025,09/11/2025,SAO BENEDITO,SP,1,1,0,0
CIRCUITO ANGELONI 2025 - ETAPA BLUMENAU,613,5,2026,31/01/2026,BLUMENAU,ES,0,1,0,0
CIRCUITO SESC DE CORRIDAS - ETAPA TEOFILO OTONI,612,34,2025,17/08/2025,TEOFILO OTONI,SP,1,0,0,0
3 CORRIDA CARIJHOW 2025,611,44,2025,26/10/2025,BARRETOS,CE,1,1,0,0
11 CORRIDA DE MARATAIZES E CORRIDINHA DE MARATAIZES,610,27,2025,02/07/2025,MARATAIZES,BA,1,1,0,0
2 CORRIDA NIPO BRASILEIRA,610,46,2025,09/11/2025,SALTO,SC,1,1,0,0
II CORRIDA DO AGRO 2025,609,30,2025,20/07/2025,LIMOEIRO DO NORTE,RN,1,1,0,0
1 CORRIDA DO 9 BATALHAO DE POLICIA MILITAR,609,35,2025,24/08/2025,VITORIA DA CONQUISTA,PE,1,1,0,0
HUPI RUN - ETAPA BALNEARIO CAMBURIU,608,29,2025,13/07/2025,BALNEARIO CAMBORIU,SP,1,0,1,0
2 CORRIDA COOPANEST-RN,608,38,2025,20/09/2025,NATAL,PR,1,0,0,0
CORRIDA VIBE RUN 2025,608,42,2025,12/10/2025,TIMBAUBA,PB,1,1,1,0
5 MARILIA HALF MARATHON - MEIA MARATONA,607,47,2025,16/11/2025,MARILIA,SP,1,0,0,0
II CORRIDA DO LEGISLATIVO - FAZENDA RIO GRANDE,607,52,2025,21/12/2025,FAZENDA RIO GRANDE,GO,1,0,1,0
JP CITY HALF MARATHON 2025,606,32,2025,03/08/2025,JOAO PESSOA,SC,1,1,0,0
3 GALO RUN - XV DE JAU,606,43,2025,19/10/2025,JAU,MT,0,1,0,0
4 CORRIDA ROSA CHOCK - ETAPA CONTRA A VIOLENCIA A MULHER,606,46,2025,09/11/2025,GOIANIA,BA,1,1,0,0
LIVE! RUN XP 2025 - JOINVILLE,605,29,2025,13/07/2025,JOINVILLE,SC,1,1,0,0
CORRIDA ROTA DO PEIXE,605,35,2025,24/08/2025,VARZEA GRANDE,SP,1,0,0,0
SSA RUN LIFE - 2 EDICAO,605,4,2026,20/01/2026,SALVADOR,RJ,1,0,0,0
CIRCUITO ANGELONI 2025 - ETAPA JARAGUA DO SUL,605,6,2026,07/02/2026,JARAGUA DO SUL,SC,1,1,0,0
9 CORRIDA E CAMINHADA DA UNESP DRACENA,604,5,2026,25/01/2026,DRACENA,PB,1,0,0,0
6 GRATIDAO RUN 4K - CORRIDA E CAMINHADA SOLIDARIA,603,6,2026,07/02/2026,RIO DE JANEIRO,SP,0,1,0,0
6 GAIVOTA NIGHT RUN,602,31,2025,27/07/2025,BALNEARIO GAIVOTA,SC,1,1,0,0
CORRIDA LUZ 2026,602,31,2025,27/07/2025,GUARABIRA,SP,1,0,0,0
4 CORRIDA NOTURNA DE PEREIRAS/SP,602,41,2025,05/10/2025,PEREIRAS,PE,1,1,0,0
CORRIDA DE INVERNO 2025,601,30,2025,20/07/2025,SAO JOAQUIM,BA,1,1,0,0
CORRIDA PARA ELAS,601,39,2025,21/09/2025,ITANHAEM,CE,1,1,0,0
1 CORRIDA RS RUNNING,601,49,2025,30/11/2025,SANTA CRUZ DO CAPIBARIBE,PE,1,0,0,0
TRACK&FIELD EXPERIENCE 2025 - RUNNING | ITABUNA,599,32,2025,03/08/2025,ITABUNA,PE,1,0,0,0
CIRCUITO IBIAPABA DE CORRIDA - VICOSA DO CEARA,599,42,2025,18/10/2025,VICOSA DO CEARA,MT,0,1,1,0
CORRIDA PELA VIDA,599,48,2025,23/11/2025,SANTA CRUZ DO CAPIBARIBE,PE,1,1,0,0
2 DESAFIO RUNNING,599,50,2025,07/12/2025,IGARASSU,SP,1,0,0,0
VIBES RUNNING,599,5,2026,25/01/2026,SANTO ANTONIO DE LEVERGER,SP,1,0,0,0
ORGANNO RUN 2025,598,41,2025,11/10/2025,RECIFE,SC,1,0,0,0
CORRIDA POLI RUN - ARARAQUARA SP,598,50,2025,07/12/2025,ARARAQUARA,SC,1,1,0,0
4 COMEMORA SAO PAULO 2026,597,35,2025,30/08/2025,SAO PAULO,SE,1,0,0,0
BALNICA NIGHT RUN,597,37,2025,07/09/2025,FLORIANOPOLIS,SP,1,1,0,0
CORRIDAS DO BEM SESI SAUDE 2025 - ETAPA LAGES,596,43,2025,19/10/2025,LAGES,SP,1,1,0,0
CORRIDA VITTA 20 ANOS,596,5,2026,25/01/2026,ARACAJU,PB,1,1,0,0
RP RUN 2025,595,34,2025,17/08/2025,RIBEIRAO PRETO,SE,1,0,0,0
MARCHA ATOPICA SP,594,32,2025,09/08/2025,SAO PAULO,PA,0,1,0,0
CESTAO RUN,594,39,2025,21/09/2025,ITABAIANA,SC,1,1,0,0
2 CORRIDA SEMENTES DO FUTURO,593,35,2025,24/08/2025,RIBEIROPOLIS,PR,1,0,0,0
10 CORRIDA DA OAB DE CANAA DOS CARAJAS,593,44,2025,26/10/2025,CANAA DOS CARAJAS,SC,1,1,0,0
CORRIDA E CAMINHADA MOVIMENTO COOPER - ETAPA JARAGUA DO SUL,592,26,2025,22/06/2025,JARAGUA DO SUL,PA,0,1,0,0
CIRCUITO PROCORRER 3 ETAPA,592,26,2025,28/06/2025,CURITIBA,SP,1,1,0,0
CIRCUITO SESC DE CORRIDAS   ETAPA ITAJAI,592,49,2025,06/12/2025,ITAJAI,SC,1,1,0,0
SANTAREM MEU AMOR - CORRIDA,591,28,2025,06/07/2025,SANTAREM,SP,1,0,0,0
CARDIO NOTURNO,591,38,2025,14/09/2025,JUNDIAI,GO,1,1,0,0
SOMBRIO NIGHT RUN 2025,591,4,2026,18/01/2026,SOMBRIO,RJ,1,0,0,0
1 MENINAS MALVADAS RUN 2025,590,38,2025,14/09/2025,SAO PAULO,SC,1,1,0,0
1 DESAFIO ASTROS,590,42,2025,18/10/2025,FORMOSA,RS,1,0,0,0
CORRIDA DE SAO SEBASTIAO ARARUAMA 2026,590,4,2026,24/01/2026,,PR,1,1,0,0
12 CORRIDA E CAMINHADA IOT - 2025,589,42,2025,12/10/2025,JOINVILLE,RS,1,1,0,0
NIGHT RUN BRIGADA MILITAR,587,36,2025,31/08/2025,SAO LEOPOLDO,SP,1,1,0,0
FLASHBACK RUN,587,45,2025,02/11/2025,PONTA GROSSA,ES,0,1,0,0
MARATORRES 2025,586,31,2025,02/08/2025,TORRES,CE,1,1,1,0
CIRCUITO BEM ESTAR COBRAVA - INDAIATUBA,586,44,2025,26/10/2025,INDAIATUBA,ES,0,1,0,0
2 CORRIDA NOVEMBRO AZUL DO HOSPITAL EVANGELICO DE VILA VELHA,585,41,2025,11/10/2025,VILA VELHA,SC,1,1,0,0
TRACK & FIELD EXPERIENCE V DESAFIO TP,585,52,2025,21/12/2025,FORTALEZA,ES,0,1,0,0
19 CORRIDA FAESA,584,31,2025,27/07/2025,VITORIA,SC,1,1,0,0
1 CORRIDA NOTURNA CASA PRIME,584,5,2026,25/01/2026,PENHA,BA,1,1,0,0
CORRIDA SOLIDARIA 57 ANOS GAE,583,27,2025,29/06/2025,VILA VELHA,PB,0,1,1,0
RUN FOR WINE,583,41,2025,11/10/2025,ITAJAI,RS,1,1,0,0
2 CORRIDA DAS LUTAS,583,46,2025,09/11/2025,SALVADOR,CE,1,1,0,0
MEIA DOS PARQUES 2025,583,4,2026,18/01/2026,JOAO PESSOA,SE,1,1,0,0
SUNSET RUN - POR ELAS,583,7,2026,14/02/2026,PORTO ALEGRE,SP,1,0,0,0
CIRCUITO DESBRAVA - ETAPA FORTALEZA II,582,23,2025,01/06/2025,FORTALEZA,SC,1,1,0,0
1 CORRIDA ANIVERSARIO DE RIACHUELO,582,33,2025,16/08/2025,RIACHUELO,SP,1,1,0,0
NIGHT RUN ALAMBARI,582,7,2026,14/02/2026,ALAMBARI,SC,1,0,0,0
CORRIDAS DO BEM SESI SAUDE 2025 - ETAPA CRICIUMA,581,34,2025,23/08/2025,CRICIUMA,AC,1,0,0,0
DIVON + IMPULSO - O CORRE,581,47,2025,16/11/2025,BRODOWSKI,MA,1,0,0,0
5 CORRIDA NOTURNA DE TAIO,579,35,2025,24/08/2025,TAIO,SC,1,0,0,0
CIRCUITO SUNSET RUN - ETAPA RIO BRANCO,579,49,2025,30/11/2025,RIO BRANCO,PA,1,1,0,0
ECO RUN 2025,578,35,2025,24/08/2025,PEDREIRAS,RJ,1,1,0,0
1 ETAPA FOCO - CIRCUITO FOCO, FORCA E FE 2025 ( CORRIDA E CAMINHADA SOLIDARIA ),578,44,2025,26/10/2025,RIO DE JANEIRO,BA,1,1,0,0
1 CORRIDA COM O SENHOR BOM JESUS,577,40,2025,28/09/2025,GUARAMIRIM,RS,1,1,0,0
CORRIDA NOVEMBRO AZUL VALE METAIS BASICOS 2025,577,8,2026,21/02/2026,CANAA DOS CARAJAS,PR,1,0,0,0
CIRCUITO GOITACA RUN - ETAPA TUPI,576,43,2025,19/10/2025,CAMPOS DOS GOYTACAZES,CE,1,1,0,0
2 CORRIDA DA CIPPA,576,49,2025,06/12/2025,PORTO SEGURO,PE,0,1,1,1
13 CORRIDA UNIMED VALE DO CAI,575,30,2025,20/07/2025,MONTENEGRO,MG,1,1,0,0
CORRIDA E CAMINHADA DE 155 ANOS DE CAMPO LARGO,575,35,2025,24/08/2025,CAMPO LARGO,PR,1,0,0,0
1 CORRIDA CORRE PARA JESUS,575,38,2025,20/09/2025,HORIZONTE,PA,1,1,0,0
TRUN SERIES 2025 - ETAPA CARUARU-PE,575,6,2026,01/02/2026,CARUARU,SC,1,1,0,0
TRACK&FIELD EXPERIENCE 2025 - RUNNING CSUL | LAGOA DOS INGLESES,573,29,2025,19/07/2025,NOVA LIMA,PR,1,0,0,0
CORRIDA APAE ACORPATO 2025,573,45,2025,02/11/2025,PATO BRANCO,AP,1,1,0,0
WTR SERRA PELADA,573,5,2026,25/01/2026,CURIONOPOLIS,RN,1,0,0,0
1 EDICAO VGT RUN ITAPEMA,573,5,2026,25/01/2026,ITAPEMA,MS,1,1,0,0
4 CORRIDA NOTURNA SAO CRISTOVAO,572,42,2025,12/10/2025,SAO JOSE DOS PINHAIS,ES,1,1,0,0
CIRCUITO BANCO DO BRASIL - ETAPA MACAPA,572,45,2025,02/11/2025,MACAPA,BA,1,1,0,0
1 CORRIDA DA CORRE UZL,572,46,2025,15/11/2025,UMARIZAL,RJ,0,1,0,0
3  CORRIDA E CAMINHADA CLODOALDO RUN,571,47,2025,16/11/2025,TRES LAGOAS,BA,1,1,0,0
CORRIDA DO SESI,570,27,2025,29/06/2025,LINHARES,RJ,1,1,0,0
TRACK&FIELD EXPERIENCE 2025 - ILHEUS,569,28,2025,12/07/2025,ILHEUS,PR,1,0,0,0
ROLLING STONE MUSIC & RUN,569,47,2025,22/11/2025,RIO DE JANEIRO,SP,1,1,0,0
GUARCONI RACE EXPERIENCE,568,44,2025,26/10/2025,FEIRA DE SANTANA,SC,1,1,0,0
ATLANTICO RUN,568,47,2025,16/11/2025,MACAE,SP,1,1,0,0
EVOLUA EM MOVIMENTO KIDS PATO BRANCO,568,51,2025,14/12/2025,PATO BRANCO,RS,1,1,0,0
HOPE RESORT RUN,568,51,2025,20/12/2025,SAO PAULO,SP,0,1,0,0
CIRCUITO DE CORRIDAS UNIMED - SAO MIGUEL DO OESTE,567,38,2025,14/09/2025,SAO MIGUEL DO OESTE,SP,0,1,0,0
CORINTHIANS RUN - ETAPA MOGI DAS CRUZES,567,46,2025,09/11/2025,MOGI DAS CRUZES,AL,1,1,0,0
INTENSIDADE DAY RUN,565,24,2025,08/06/2025,NOVO HAMBURGO,MG,1,0,0,0
CORRIDA ILUMINADA DE NATAL 2025,565,50,2025,07/12/2025,CAMPOS DO JORDAO,SP,1,1,0,0
48 CORRIDA PEDESTRE CIDADE DE ILHABELA 2025,565,52,2025,21/12/2025,ILHABELA,MG,1,0,0,0
CORRIDA DOS SERVIDORES ESTADUAIS 2025- SEPLAG-SELAJ,564,36,2025,31/08/2025,MACEIO,PR,1,1,1,0
4 CORRIDA SANTO ANTONIO DE IGARAPE,564,39,2025,21/09/2025,IGARAPE,MG,1,1,0,0
VOE RUN 2025,563,38,2025,14/09/2025,BAURU,SP,1,1,0,0
2 CORRIDA 72 ANOS DE SAO CANDIDO,563,44,2025,26/10/2025,CARATINGA,SP,1,1,0,0
TRACK&FIELDS RUN SERIES - ETAPA CLUBE CURITIBANO,563,7,2026,08/02/2026,QUATRO BARRAS,PR,1,0,0,0
CORRIDA DA LUA - ETAPA LUA NOVA 2025,562,45,2025,08/11/2025,ITABIRA,SC,1,1,0,0
CORRIDA DO VELO,561,25,2025,15/06/2025,RIO CLARO,BA,1,1,0,0
BRUNCH RUN 2025,561,41,2025,05/10/2025,RIBEIRAO PRETO,SC,1,1,1,0
ETAPA FE - CIRCUITO FOCO, FORCA E FE 2025 (CORRIDA E CAMINHADA SOLIDARIA),561,51,2025,14/12/2025,RIO DE JANEIRO,MG,1,1,0,0
CORRIDA DO URUCUM 1 CORRIDA PEDESTRE DE PARANACITY PR,561,53,2025,28/12/2025,PARANACITY,PE,1,1,0,0
COLINAS RUN,560,29,2025,13/07/2025,CAMBORIU,CE,1,1,0,0
CORRIDA SIM ! BORA ?,560,47,2025,16/11/2025,MADRE DE DEUS,SC,1,1,0,0
1 MEIA MARATONA DE RIO DO SUL,559,43,2025,19/10/2025,RIO DO SUL,PR,0,1,0,0
O2 RUN 2025,558,43,2025,19/10/2025,BELO HORIZONTE,SP,1,1,0,0
CORRIDA CORRENDO EM SURUBIM,558,49,2025,30/11/2025,SURUBIM,MG,1,1,0,0
1 CORRIDA HORIZONTERUN 2025,557,44,2025,26/10/2025,HORIZONTE,CE,1,1,0,0
CORRIDAS DO BEM SESI SAUDE 2025 - ETAPA CACADOR,557,45,2025,02/11/2025,CACADOR,SC,1,1,0,0
24 MEIA MARATONA DE TOLEDO - SICREDI,556,30,2025,20/07/2025,TOLEDO,PR,1,1,0,0
TRACK&FIELD EXPERIENCE 2025 - TAUBATE,556,47,2025,16/11/2025,TAUBATE,RS,1,1,0,0
1 CORRIDA DO AGUIA DA MANTIQUEIRA,555,37,2025,07/09/2025,ITAJUBA,AL,1,1,0,0
5 CORRIDA FEIRAO DO LAR,555,39,2025,21/09/2025,CANINDE,CE,0,0,1,0
CORRIDAS DO BEM SESI SAUDE 2025 - ETAPA FLORIANOPOLIS,554,27,2025,05/07/2025,FLORIANOPOLIS,SP,1,0,0,0
CORRIDA PADROEIRA SANTANNA,554,49,2025,30/11/2025,PONTA GROSSA,BA,1,1,0,0
5 JOHN DEERE RUN,553,24,2025,08/06/2025,MONTENEGRO,SC,1,1,0,0
1 CORRIDA DA SMTT,553,29,2025,19/07/2025,SAO MIGUEL DOS CAMPOS,MG,1,0,0,0
DOUBLE RUN,553,45,2025,02/11/2025,EUSEBIO,SC,1,0,1,0
CIRCUITO SUNSET RUN - ETAPA PIRACICABA,552,5,2026,31/01/2026,PIRACICABA,PI,1,0,0,0
2 CORRIDA RONDESP SUDOESTE SERRA DO MARCAL,551,36,2025,31/08/2025,VITORIA DA CONQUISTA,PE,1,1,1,0
3 CORRIDA BERLANDA,551,38,2025,14/09/2025,CURITIBANOS,SP,1,0,0,0
1 GEREMIAS SUNSET RUN,551,3,2026,11/01/2026,UBERABA,PB,1,1,1,0
MEIA DO FAROL SHOPPING 2025 - CIRCUITO CORTUBA ETAPA TUBARAO,550,40,2025,28/09/2025,TUBARAO,PR,1,1,0,0
ACELERA MEGALINK,550,6,2026,07/02/2026,FLORIANO,PR,1,1,0,1
3 CORRIDA E CAMINHADA SANTA MADALENA SOFIA - MACEIO, ALAGOAS,549,23,2025,07/06/2025,MACEIO,RJ,0,1,1,0
2 CORRIDA EMBALANDO FESTAS,548,23,2025,01/06/2025,PETROLINA,MG,1,0,0,0
1 PRUDENTE EM MOVIMENTO CORRIDA E CAMINHADA,548,35,2025,24/08/2025,PRESIDENTE PRUDENTE,SP,0,1,0,0
TR EXPLORE ETAPA BANANEIRAS,548,50,2025,07/12/2025,BANANEIRAS,PR,0,1,0,0
CORRIDA DO DESAFIO MAIS VIDA EM MOVIMENTO,547,22,2025,31/05/2025,COLOMBO,PE,1,1,0,0
LOBA FEST RUN 2026,547,42,2025,12/10/2025,PARANAGUA,MG,0,1,1,0
EVOLUTION,547,46,2025,15/11/2025,ITATIAIA,PE,1,1,0,0
1A CORRIDA E CAMINHADA SUPERMAXI,545,46,2025,15/11/2025,UBERLANDIA,SP,1,1,0,0
96 + SAUDE - 2 EDICAO - 7K,545,50,2025,07/12/2025,BAURU,BA,1,0,0,0
7 CORRIDA DA CAPITAL DO OVO 2025,544,41,2025,05/10/2025,CRUZEIRO DO SUL,SC,0,1,0,0
1  CORRIDA 31 DE MAIO,544,42,2025,12/10/2025,AFRANIO,SP,1,0,0,0
2 MEIA MARATONA DA LIBERDADE,544,9,2026,22/02/2026,BETIM,PE,1,1,0,0
1 CORRIDA MIMO RUN,543,32,2025,03/08/2025,PETROLINA,RO,1,0,0,0
AC MOVIMENT 2025,543,41,2025,05/10/2025,ARACATUBA,SP,0,1,0,0
1 CORRIDA DO LACO BRANCO,541,39,2025,21/09/2025,SALVADOR,SP,0,1,0,0
CORRIDA E CAMINHADA LET'S GO - SICOOB TRANSCREDI,541,49,2025,30/11/2025,CONCORDIA,SP,1,1,0,0
CORRIDA DIVERTIDA TURMA DA MONICA,540,40,2025,04/10/2025,SAO PAULO,PR,1,1,0,0
CORRIDA DAS ONDAS,539,27,2025,05/07/2025,PAULISTA,PB,1,0,0,0
1 CIRCUITO AABB DE CORRIDA,539,38,2025,14/09/2025,VILHENA,PR,1,1,0,0
CORRIDA DA ASA,539,47,2025,16/11/2025,GUARULHOS,CE,1,1,0,0
9 CORRIDA PEDESTRE E CAMINHADA DE PEDRINHAS PAULISTA,538,28,2025,06/07/2025,PEDRINHAS PAULISTA,SP,0,1,0,0
CORRIDA PELA IGUALDADE,537,44,2025,26/10/2025,SAO BERNARDO DO CAMPO,ES,1,0,1,0
INFANTARIA NIGHT RUN,537,49,2025,30/11/2025,CURITIBA,SC,1,1,0,0
8 EDICAO DA CORRIDA RUSTICA DE SAO JOSE DE PIRANHAS - PB,537,9,2026,22/02/2026,SAO JOSE DE PIRANHAS,BA,1,1,0,0
1 CORRIDA E CAMINHADA SOLIDARIA DA PADROEIRA NOSSA SENHORA DAS DORES,536,29,2025,13/07/2025,ARAUCARIA,RJ,0,1,0,0
2 CORRIDA H2O VERSAO GELATTUS,536,43,2025,19/10/2025,SAO BENEDITO,SP,1,1,0,0
JULINA RUN - 2025,536,48,2025,23/11/2025,JUNDIAI,CE,1,1,0,0
CORRIDA MOVE ON ESPORTE - ETAPA SHOPPING MESTRE ALVARO,536,48,2025,23/11/2025,SERRA,CE,1,1,0,0
CORRIDA SPEED LIFE RUN,535,28,2025,06/07/2025,BARRA VELHA,RS,1,1,0,0
PONTO NOVO CORRE 10K,535,33,2025,10/08/2025,PONTO NOVO,AM,1,0,0,0
AS BRABAS RUN,535,42,2025,12/10/2025,RIO DE JANEIRO,PA,1,0,0,0
APAE RUN SANTO ANDRE,534,4,2026,24/01/2026,SANTO ANDRE,SP,0,1,0,0
4 CORRIDA 360 DETOX,533,25,2025,15/06/2025,AQUIRAZ,RN,1,0,0,0
4 CORRIDA DETOX 360,533,31,2025,27/07/2025,AQUIRAZ,MA,1,0,0,0
INTENSIDADE DAY RUN,533,39,2025,21/09/2025,NOVO HAMBURGO,MG,1,1,0,0
4 CORRIDA DE RUA EM CENTRO DE TREINAMENTO,533,41,2025,05/10/2025,MANAUS,RS,1,1,0,0
7 CORRIDA DOS MEDICOS,532,28,2025,06/07/2025,MARABA,RJ,1,1,0,0
CENTRO - CIRCUITO DE CORRIDAS DOS DISTRITOS 2026,532,45,2025,02/11/2025,CAMPINAS,RO,1,1,0,0
1 CORRIDA DO GTO - 7 BATALHAO EM PAU DOS FERROS - RN,532,51,2025,20/12/2025,PAU DOS FERROS,SC,1,0,0,0
IV 5K DE CAXIAS,531,23,2025,01/06/2025,CAXIAS,SC,1,1,1,0
CORRIDA RN 37 ANOS,531,41,2025,05/10/2025,VARGINHA,BA,1,0,0,0
III CORRIDA E CAMINHADA SEST SENAT SANTA MARIA,531,51,2025,14/12/2025,SANTA MARIA,SP,0,1,0,0
CORRIDA DA SERRA - 3 ETAPA,530,43,2025,19/10/2025,PORTO REAL,BA,1,1,1,0
TRACK&FIELD EXPERIENCE 2025 - PORTO VELHO,530,50,2025,07/12/2025,PORTO VELHO,SP,1,1,0,0
1 NIGHT RUN - NATAL JARAGUA,529,37,2025,07/09/2025,JARAGUA DO SUL,BA,1,1,0,0
A CORRIDA DO LEITE - PRESIDENTE GETULIO - SC,529,48,2025,29/11/2025,PRESIDENTE GETULIO,RN,1,1,0,0
2 CORRIDA DO FOGO,528,29,2025,13/07/2025,BARREIRAS,PA,1,0,0,0
9 CORRIDA SOLIDARIA EU AMO ATIBAIA,527,38,2025,14/09/2025,ATIBAIA,ES,0,1,0,0
6 MEIA MARATONA DA INDEPENDENCIA,526,41,2025,11/10/2025,SENHOR DO BONFIM,SC,1,1,0,0
12 MOVIMENTA BATATAIS,526,47,2025,16/11/2025,BATATAIS,PB,1,0,0,0
4 CORRIDA RUSTICA DE NOSSA SENHORA DA PENA,526,7,2026,08/02/2026,PORTO SEGURO,PR,0,1,0,0
CORRIDA DA ADVOCACIA 2025,525,47,2025,20/11/2025,NATAL,RJ,1,0,0,0
1 EDICAO DA CORRIDA DO EMPREENDEDOR,525,51,2025,14/12/2025,MARABA,MG,1,1,0,0
CORRIDA DO CORACAO,524,3,2026,11/01/2026,CACHOEIRO DE ITAPEMIRIM,SC,1,1,0,0
RINCAO NIGHT RUN,523,39,2025,21/09/2025,BALNEARIO RINCAO,RR,1,0,0,0
CORRIDA STRONG FIT,523,41,2025,05/10/2025,QUEIMADAS,SC,1,1,0,0
CORRIDA DE ANIVERSARIO - 136 ANOS DE PIRAQUARA,523,9,2026,22/02/2026,PIRAQUARA,SP,0,1,0,0
THE BEST FAMILY RUN,522,23,2025,07/06/2025,RIO DE JANEIRO,PR,1,0,0,0
ESK RUN 2025,522,38,2025,20/09/2025,SETE LAGOAS,RJ,1,0,0,0
CIRCUITO ANGELONI 2026 - ETAPA ITAPEMA,522,49,2025,06/12/2025,ITAPEMA,RS,0,0,0,1
I CORRIDA CHARME CONFECCOES,521,34,2025,17/08/2025,BOA VISTA,SC,1,1,0,0
CIRCUITO DE CORRIDAS UNIMED - ETAPA TUBARAO,521,38,2025,14/09/2025,TUBARAO,DF,1,1,0,0
3 DESAFIO DOS PERDIDOS,521,47,2025,22/11/2025,PEDERNEIRAS,RO,1,0,0,0
CIRCUITO YAMANE RUN | ETAPA LONDRINA,521,47,2025,22/11/2025,LONDRINA,MT,1,0,0,0
CORRIDA ESAO 2025,520,36,2025,06/09/2025,RIO DE JANEIRO,SP,0,1,0,0
SUMMER 48K,520,39,2025,21/09/2025,CAPAO DA CANOA,PA,1,0,0,0
CORRIDAS DO BEM SESI SAUDE 2025 - ETAPA SAO BENTO DO SUL,520,40,2025,28/09/2025,SAO BENTO DO SUL,SP,1,1,0,0
SINDY RUN,520,42,2025,12/10/2025,BRASILIA,TO,0,1,0,0
2 CORRIDA PORTAL DA AMAZONIA,520,43,2025,19/10/2025,VILHENA,BA,1,0,0,0
CORRIDA PORTAL DA AMAZONIA,520,43,2025,19/10/2025,GUARANTA DO NORTE,BA,1,0,0,0
CORRIDA DA INDEPENDENCIA,519,41,2025,05/10/2025,SAO SEBASTIAO,PR,1,1,0,0
4 CORRIDA E CORRIDINHA DO CIRIO DE CARAJAS,519,43,2025,19/10/2025,PARAUAPEBAS,MG,1,0,0,0
12 CORRIDA DA CASA DA CRIANCA,518,29,2025,13/07/2025,ITAQUA,PB,1,1,0,0
2 CORRIDA DA FORCA TATICA,518,50,2025,07/12/2025,PALMAS,SC,1,1,0,0
II CORRIDA DA COOPERACAO,516,49,2025,30/11/2025,ITABUNA,RJ,1,0,0,0
II CORRIDA DA COOPERACAO EDICAO ITABUNA 2025 - SICREDI INTEGRACAO BAHIA,516,51,2025,14/12/2025,ITABUNA,PI,1,1,1,0
9 CORRIDA DA REFORMA,515,24,2025,08/06/2025,MARECHAL CANDIDO RONDON,RO,1,1,0,0
2 CORRIDA DA INDUSTRIA,515,25,2025,21/06/2025,UBERLANDIA,SC,1,1,1,0
CIRCUITO DAS AGUAS - ETAPA CAMPINA GRANDE,515,30,2025,20/07/2025,CAMPINA GRANDE,PE,1,1,0,0
3 FAMILY RUN PERNAS SOLIDARIAS,515,47,2025,22/11/2025,SANTO AMARO DA IMPERATRIZ,CE,0,0,1,0
PROJETO DE BRACOS ABERTOS,514,47,2025,16/11/2025,ITABORAI,BA,1,1,0,0
CAPIVARA RUN,514,9,2026,22/02/2026,CORONEL JOSE DIAS,MT,1,0,0,0
PF RUN 2025 - 2 EDICAO,513,30,2025,20/07/2025,VILHENA,SC,1,1,0,0
MEIA MARATONA DE MASSARANDUBA SC,513,35,2025,24/08/2025,MASSARANDUBA,MT,1,0,0,0
SICREDI RUN,513,8,2026,21/02/2026,PETROLINA,SC,1,0,0,0
BPC CUMBUCO,512,31,2025,27/07/2025,FORTALEZA,PB,0,1,0,0
ETAPA FORCA - CIRCUITO FOCO, FORCA E FE 2025 ( CORRIDA E CAMINHADA SOLIDARIA ),511,24,2025,08/06/2025,RIO DE JANEIRO,CE,1,1,1,0
4 CORRIDA E CAMINHADA VERDES MARES,511,32,2025,03/08/2025,CAPIM GROSSO,SC,1,1,0,0
2. CORRIDA RIO ABAIXO,511,34,2025,17/08/2025,CUIABA,SC,1,1,1,0
CIDADE DAS AGUAS RUN FEST - JOINVILLE-SC,511,45,2025,08/11/2025,JOINVILLE,SP,1,0,0,0
CORRIDA CIDADE DE SINOP,511,50,2025,07/12/2025,SINOP,PA,1,1,0,0
GARTEN NIGHT RUN,511,51,2025,14/12/2025,JOINVILLE,SC,1,1,0,0
1 EDICAO DA CORRIDA 5 MILHAS CIDADE SORRISO!,511,51,2025,14/12/2025,SOUSA,RO,1,1,1,0
7 CORRIDA DA MB,511,5,2026,25/01/2026,SOBRAL,RS,1,1,0,0
CORRIDA CDL - SJ,511,7,2026,11/02/2026,SAO JOSE,PR,1,1,0,0
CORRIDA VIVA UDESC 60 ANOS,510,34,2025,17/08/2025,FLORIANOPOLIS,SC,1,0,1,1
TRACK&FIELD EXPERIENCE 2025 - NIGHT RUN | ARARAQUARA,510,38,2025,14/09/2025,ARARAQUARA,SC,1,1,0,0
CORRIDA DEZEMBRO VERMELHO VALE METAIS BASICOS 2025,510,44,2025,26/10/2025,OURILANDIA DO NORTE,PA,0,1,0,0
CIRCUITO DE CORRIDAS UNIMED - ETAPA LAGES,510,52,2025,21/12/2025,LAGES,SC,1,1,0,0
SUPERA-SE RUN CENTRANET - II EDICAO,509,30,2025,20/07/2025,ESPIGAO D'OESTE,BA,1,1,0,0
7 RUSTICA TRICOLOR DOS CONSULADOS GREMISTAS DE IMBE E TRAMANDAI,509,49,2025,30/11/2025,IMBE,ES,0,1,0,0
QUARTA RUN - VERAO 2026,509,50,2025,07/12/2025,CASCAVEL,RJ,0,1,0,0
CORRIDA RURAL PIRAI,508,35,2025,24/08/2025,JOINVILLE,SP,0,0,0,1
1 CORRIDA SPITZRUN,508,41,2025,05/10/2025,POMERODE,PB,1,0,0,0
4 CORRIDA DA APOMIBOMP - 2025,508,49,2025,30/11/2025,CASTANHAL,PE,1,1,1,0
3  CORRIDA DE NATAL DE APIUNA,507,52,2025,21/12/2025,APIUNA,PE,1,1,0,0
1 CORRIDA DE ANIVERSARIO DA 91 CIPM 2025,507,6,2026,07/02/2026,CAPIM GROSSO,SP,0,1,0,0
CIRCUITO SESC DE CORRIDA E CAMINHADA - ETAPA GUARAPARI,506,50,2025,07/12/2025,GUARAPARI,SP,1,1,0,0
5 CORRIDA - APAEXONADOS POR CORRIDA,505,27,2025,29/06/2025,MACAE,MG,1,1,0,0
MARATONA FILA 2025,505,28,2025,12/07/2025,SAO PAULO,PR,1,0,0,0
2 CORRIDA PEDRA DA TURMALINA,505,31,2025,27/07/2025,BREJO DO CRUZ,SC,1,0,0,0
GUS CITY - 3 EDICAO,505,43,2025,19/10/2025,GARANHUNS,SC,1,1,0,0
24 CORRIDA E CAMINHADA PARA LUZ 2025,504,23,2025,01/06/2025,CAMARAGIBE,RN,1,0,0,0
CORRIDA TOCA RAUL ITANHAEM,504,26,2025,22/06/2025,ITANHAEM,MG,1,1,0,0
3 XTRACK RUNNING 2025,504,40,2025,04/10/2025,GUARATINGUETA,SP,0,1,0,0
CORRIDA DE SANTO ANTONIO,504,48,2025,23/11/2025,PARACATU,RJ,1,0,0,0
CHEVROLET APUCARANA RUN,504,51,2025,14/12/2025,APUCARANA,RO,1,1,0,0
RUN COPERCAMPOS - 2 EDICAO,504,53,2025,28/12/2025,CAMPOS NOVOS,PE,1,1,1,0
FITLIFE RUN,504,4,2026,24/01/2026,BIGUACU,AL,1,1,0,0
8 CORRIDA DE SAO JOAO BATISTA,503,27,2025,29/06/2025,ACU,MG,1,1,0,0
CORRIDA BAHAMAS - UBERLANDIA,503,44,2025,26/10/2025,UBERLANDIA,BA,0,1,0,0
2 EDICAO JC RUN NOTURNA,503,47,2025,16/11/2025,ARARAQUARA,RO,1,1,0,0
CORRE COM A EDUCACAO,503,49,2025,30/11/2025,NITEROI,SP,1,0,0,0
CORRIDA ULTRA SAUDE,503,9,2026,22/02/2026,PORTO VELHO,SP,1,0,0,0
4 CORRIDA E CAMINHADA DA VIRADA DE OLINDA,502,26,2025,22/06/2025,OLINDA,AM,0,1,0,0
CIRCUITO AMERICAN RUN 2026 - ETAPA FOGO,502,32,2025,09/08/2025,MACEIO,RN,1,0,0,0
CORRIDA E CAMINHADA PROJETO SO POR HOJE 2025,502,35,2025,24/08/2025,ITABIRITO,SC,1,0,0,0
5 CORRIDA SAO JUDAS TADEU,502,52,2025,21/12/2025,ITABUNA,SC,1,1,0,0
CORRIDA DO JUDICIARIO,501,36,2025,31/08/2025,PORTO VELHO,RJ,1,0,0,0
VAMOS CORRER CAPIVARI,501,46,2025,15/11/2025,CAPIVARI,SC,1,0,0,0
PROVA PEDESTRE 4 DE FEVEREIRO MINATEL RUN,501,49,2025,30/11/2025,DOIS CORREGOS,SC,1,1,0,0
CORRIDA 12 ANOS EQUIPE MOVIMENTE-SE,501,49,2025,30/11/2025,MANACAPURU,RS,0,1,0,0
1 CORRIDA DA APRORN - PAU DOS FERROS,,29,26,01/01/2025,PAU DOS FERROS,SANTOS,,0,1,1
3  CORRIDA DO SOLDADO,,29,26,01/01/2025,SAO MIGUEL DO OESTE,CARUARU,,1,1,0
CORRIDA SOLIDARIA DE NATAL - ITAPEMA,,29,40,01/01/2025,ITAPEMA,MANAUS,,1,0,0
WINTER RACE 2025,,29,28,01/01/2025,SAQUAREMA,RIO DE JANEIRO,,1,0,0
3 NIGHT RUN SAO CAMILO,,29,46,01/01/2025,CONCORDIA,RIO DE JANEIRO,,1,0,0
CORRIDA JUNTOS CONTRA O CANCER,,29,35,01/01/2025,CHAPECO,MACEI ,,1,1,0
MEGARACE - CORRIDA DE OBSTACULOS,,29,40,01/01/2025,SANTA CRUZ DO SUL,RIO DE JANEIRO,,1,0,0
